[2026-08-31 21:23:22 ERROR Log:53] nro.server.Manager:L?i load properites
java.io.FileNotFoundException: resources\config\server.properties (The system cannot find the path specified)
	at java.base/java.io.FileInputStream.open0(Native Method)
	at java.base/java.io.FileInputStream.open(FileInputStream.java:216)
	at java.base/java.io.FileInputStream.<init>(FileInputStream.java:157)
	at java.base/java.io.FileInputStream.<init>(FileInputStream.java:111)
	at nro.server.Manager.loadProperties(Manager.java:916)
	at nro.server.Manager.<init>(Manager.java:165)
	at nro.server.Manager.gI(Manager.java:158)
	at nro.server.ServerManager.init(ServerManager.java:70)
	at nro.server.ServerManager.gI(ServerManager.java:82)
	at nro.server.ServerManager.main(ServerManager.java:95)
	at java.base/jdk.internal.reflect.NativeMethodAccessorImpl.invoke0(Native Method)
	at java.base/jdk.internal.reflect.NativeMethodAccessorImpl.invoke(NativeMethodAccessorImpl.java:77)
	at java.base/jdk.internal.reflect.DelegatingMethodAccessorImpl.invoke(DelegatingMethodAccessorImpl.java:43)
	at java.base/java.lang.reflect.Method.invoke(Method.java:569)
	at org.codehaus.mojo.exec.AbstractExecJavaBase.executeMainMethod(AbstractExecJavaBase.java:402)
	at org.codehaus.mojo.exec.ExecJavaMojo.executeMainMethod(ExecJavaMojo.java:142)
	at org.codehaus.mojo.exec.AbstractExecJavaBase.doExecClassLoader(AbstractExecJavaBase.java:377)
	at org.codehaus.mojo.exec.AbstractExecJavaBase.lambda$execute$0(AbstractExecJavaBase.java:287)
	at java.base/java.lang.Thread.run(Thread.java:840)
[2026-08-31 21:25:50 DEBUG Log:31] Load part thành công (0)
[2026-08-31 21:25:50 DEBUG Log:31] Load skill thành công (0)
[2026-08-31 21:25:50 DEBUG Log:31] Load head avatar thành công (0)
[2026-08-31 21:25:50 DEBUG Log:31] Load flag bag thành công (0)
[2026-08-31 21:25:50 DEBUG Log:31] Load c?i trang thành công (0)
[2026-08-31 21:25:50 DEBUG Log:31] Load intrinsic thành công (0)
[2026-08-31 21:25:50 DEBUG Log:31] Load task thành công (0)
[2026-08-31 21:25:50 DEBUG Log:31] Load side task thành công (0)
[2026-08-31 21:25:50 DEBUG Log:31] Load map item template thành công (0)
[2026-08-31 21:25:50 DEBUG Log:31] Load map item option template thành công (0)
[2026-08-31 21:25:50 DEBUG Log:31] Load shop thành công (0)
[2026-08-31 21:25:50 ERROR Log:53] nro.server.Manager:L?i load database
java.lang.NullPointerException: Cannot read the array length because "<local15>" is null
	at nro.server.Manager.loadDatabase(Manager.java:608)
	at nro.server.Manager.<init>(Manager.java:171)
	at nro.server.Manager.gI(Manager.java:158)
	at nro.server.ServerManager.init(ServerManager.java:70)
	at nro.server.ServerManager.gI(ServerManager.java:82)
	at nro.server.ServerManager.main(ServerManager.java:95)
	at java.base/jdk.internal.reflect.NativeMethodAccessorImpl.invoke0(Native Method)
	at java.base/jdk.internal.reflect.NativeMethodAccessorImpl.invoke(NativeMethodAccessorImpl.java:77)
	at java.base/jdk.internal.reflect.DelegatingMethodAccessorImpl.invoke(DelegatingMethodAccessorImpl.java:43)
	at java.base/java.lang.reflect.Method.invoke(Method.java:569)
	at org.codehaus.mojo.exec.AbstractExecJavaBase.executeMainMethod(AbstractExecJavaBase.java:402)
	at org.codehaus.mojo.exec.ExecJavaMojo.executeMainMethod(ExecJavaMojo.java:142)
	at org.codehaus.mojo.exec.AbstractExecJavaBase.doExecClassLoader(AbstractExecJavaBase.java:377)
	at org.codehaus.mojo.exec.AbstractExecJavaBase.lambda$execute$0(AbstractExecJavaBase.java:287)
	at java.base/java.lang.Thread.run(Thread.java:840)
[2026-08-31 21:28:06 DEBUG Log:31] Load part thành công (0)
[2026-08-31 21:28:06 DEBUG Log:31] Load skill thành công (0)
[2026-08-31 21:28:06 DEBUG Log:31] Load head avatar thành công (0)
[2026-08-31 21:28:06 DEBUG Log:31] Load flag bag thành công (0)
[2026-08-31 21:28:06 DEBUG Log:31] Load c?i trang thành công (0)
[2026-08-31 21:28:06 DEBUG Log:31] Load intrinsic thành công (0)
[2026-08-31 21:28:06 DEBUG Log:31] Load task thành công (0)
[2026-08-31 21:28:06 DEBUG Log:31] Load side task thành công (0)
[2026-08-31 21:28:06 DEBUG Log:31] Load map item template thành công (0)
[2026-08-31 21:28:06 DEBUG Log:31] Load map item option template thành công (0)
[2026-08-31 21:28:06 DEBUG Log:31] Load shop thành công (0)
[2026-08-31 21:28:06 DEBUG Log:31] Load reward lucky round thành công (0)
[2026-08-31 21:28:06 DEBUG Log:31] Load mob template thành công (0)
[2026-08-31 21:28:06 DEBUG Log:31] Load npc template thành công (0)
[2026-08-31 21:28:06 ERROR Log:57] nro.services.MapService: resources\khanhdtk\map\tile_set_info (The system cannot find the path specified)
java.io.FileNotFoundException: resources\khanhdtk\map\tile_set_info (The system cannot find the path specified)
	at java.base/java.io.FileInputStream.open0(Native Method)
	at java.base/java.io.FileInputStream.open(FileInputStream.java:216)
	at java.base/java.io.FileInputStream.<init>(FileInputStream.java:157)
	at java.base/java.io.FileInputStream.<init>(FileInputStream.java:111)
	at nro.server.Manager.readTileIndexTileType(Manager.java:1005)
	at nro.server.Manager.initMap(Manager.java:248)
	at nro.server.Manager.loadDatabase(Manager.java:736)
	at nro.server.Manager.<init>(Manager.java:171)
	at nro.server.Manager.gI(Manager.java:158)
	at nro.server.ServerManager.init(ServerManager.java:70)
	at nro.server.ServerManager.gI(ServerManager.java:82)
	at nro.server.ServerManager.main(ServerManager.java:95)
	at java.base/jdk.internal.reflect.NativeMethodAccessorImpl.invoke0(Native Method)
	at java.base/jdk.internal.reflect.NativeMethodAccessorImpl.invoke(NativeMethodAccessorImpl.java:77)
	at java.base/jdk.internal.reflect.DelegatingMethodAccessorImpl.invoke(DelegatingMethodAccessorImpl.java:43)
	at java.base/java.lang.reflect.Method.invoke(Method.java:569)
	at org.codehaus.mojo.exec.AbstractExecJavaBase.executeMainMethod(AbstractExecJavaBase.java:402)
	at org.codehaus.mojo.exec.ExecJavaMojo.executeMainMethod(ExecJavaMojo.java:142)
	at org.codehaus.mojo.exec.AbstractExecJavaBase.doExecClassLoader(AbstractExecJavaBase.java:377)
	at org.codehaus.mojo.exec.AbstractExecJavaBase.lambda$execute$0(AbstractExecJavaBase.java:287)
	at java.base/java.lang.Thread.run(Thread.java:840)
[2026-08-31 21:28:06 ERROR Log:53] nro.server.Manager:L?i load database
java.lang.NullPointerException: Cannot read the array length because "<local2>" is null
	at nro.server.Manager.initMap(Manager.java:249)
	at nro.server.Manager.loadDatabase(Manager.java:736)
	at nro.server.Manager.<init>(Manager.java:171)
	at nro.server.Manager.gI(Manager.java:158)
	at nro.server.ServerManager.init(ServerManager.java:70)
	at nro.server.ServerManager.gI(ServerManager.java:82)
	at nro.server.ServerManager.main(ServerManager.java:95)
	at java.base/jdk.internal.reflect.NativeMethodAccessorImpl.invoke0(Native Method)
	at java.base/jdk.internal.reflect.NativeMethodAccessorImpl.invoke(NativeMethodAccessorImpl.java:77)
	at java.base/jdk.internal.reflect.DelegatingMethodAccessorImpl.invoke(DelegatingMethodAccessorImpl.java:43)
	at java.base/java.lang.reflect.Method.invoke(Method.java:569)
	at org.codehaus.mojo.exec.AbstractExecJavaBase.executeMainMethod(AbstractExecJavaBase.java:402)
	at org.codehaus.mojo.exec.ExecJavaMojo.executeMainMethod(ExecJavaMojo.java:142)
	at org.codehaus.mojo.exec.AbstractExecJavaBase.doExecClassLoader(AbstractExecJavaBase.java:377)
	at org.codehaus.mojo.exec.AbstractExecJavaBase.lambda$execute$0(AbstractExecJavaBase.java:287)
	at java.base/java.lang.Thread.run(Thread.java:840)
[2026-08-31 21:33:07 DEBUG Log:31] Load part thành công (0)
[2026-08-31 21:33:07 DEBUG Log:31] Load skill thành công (0)
[2026-08-31 21:33:07 DEBUG Log:31] Load head avatar thành công (0)
[2026-08-31 21:33:07 DEBUG Log:31] Load flag bag thành công (0)
[2026-08-31 21:33:07 DEBUG Log:31] Load c?i trang thành công (0)
[2026-08-31 21:33:07 DEBUG Log:31] Load intrinsic thành công (0)
[2026-08-31 21:33:07 DEBUG Log:31] Load task thành công (0)
[2026-08-31 21:33:07 DEBUG Log:31] Load side task thành công (0)
[2026-08-31 21:33:07 DEBUG Log:31] Load map item template thành công (0)
[2026-08-31 21:33:07 DEBUG Log:31] Load map item option template thành công (0)
[2026-08-31 21:33:07 DEBUG Log:31] Load shop thành công (0)
[2026-08-31 21:33:07 DEBUG Log:31] Load reward lucky round thành công (0)
[2026-08-31 21:33:07 DEBUG Log:31] Load mob template thành công (0)
[2026-08-31 21:33:07 DEBUG Log:31] Load npc template thành công (0)
[2026-08-31 21:33:07 ERROR Log:57] nro.services.MapService: resources\khanhdtk\map\tile_set_info (The system cannot find the path specified)
java.io.FileNotFoundException: resources\khanhdtk\map\tile_set_info (The system cannot find the path specified)
	at java.base/java.io.FileInputStream.open0(Native Method)
	at java.base/java.io.FileInputStream.open(FileInputStream.java:216)
	at java.base/java.io.FileInputStream.<init>(FileInputStream.java:157)
	at java.base/java.io.FileInputStream.<init>(FileInputStream.java:111)
	at nro.server.Manager.readTileIndexTileType(Manager.java:1011)
	at nro.server.Manager.initMap(Manager.java:248)
	at nro.server.Manager.loadDatabase(Manager.java:741)
	at nro.server.Manager.<init>(Manager.java:171)
	at nro.server.Manager.gI(Manager.java:158)
	at nro.server.ServerManager.init(ServerManager.java:70)
	at nro.server.ServerManager.gI(ServerManager.java:82)
	at nro.server.ServerManager.main(ServerManager.java:95)
	at java.base/jdk.internal.reflect.NativeMethodAccessorImpl.invoke0(Native Method)
	at java.base/jdk.internal.reflect.NativeMethodAccessorImpl.invoke(NativeMethodAccessorImpl.java:77)
	at java.base/jdk.internal.reflect.DelegatingMethodAccessorImpl.invoke(DelegatingMethodAccessorImpl.java:43)
	at java.base/java.lang.reflect.Method.invoke(Method.java:569)
	at org.codehaus.mojo.exec.AbstractExecJavaBase.executeMainMethod(AbstractExecJavaBase.java:402)
	at org.codehaus.mojo.exec.ExecJavaMojo.executeMainMethod(ExecJavaMojo.java:142)
	at org.codehaus.mojo.exec.AbstractExecJavaBase.doExecClassLoader(AbstractExecJavaBase.java:377)
	at org.codehaus.mojo.exec.AbstractExecJavaBase.lambda$execute$0(AbstractExecJavaBase.java:287)
	at java.base/java.lang.Thread.run(Thread.java:840)
[2026-08-31 21:33:07 DEBUG Log:31] Thông báo t?i d? li?u images by name thành công (0)
[2026-08-31 21:33:07 DEBUG Log:31] Load clan thành công (0), clan next id: 0
[2026-08-31 21:33:07 DEBUG Log:22] T?ng th?i gian load database: 700(ms)
[2026-08-31 21:34:06 DEBUG Log:31] Load part thành công (0)
[2026-08-31 21:34:06 DEBUG Log:31] Load skill thành công (0)
[2026-08-31 21:34:06 DEBUG Log:31] Load head avatar thành công (0)
[2026-08-31 21:34:06 DEBUG Log:31] Load flag bag thành công (0)
[2026-08-31 21:34:06 DEBUG Log:31] Load c?i trang thành công (0)
[2026-08-31 21:34:06 DEBUG Log:31] Load intrinsic thành công (0)
[2026-08-31 21:34:06 DEBUG Log:31] Load task thành công (0)
[2026-08-31 21:34:06 DEBUG Log:31] Load side task thành công (0)
[2026-08-31 21:34:06 DEBUG Log:31] Load map item template thành công (0)
[2026-08-31 21:34:06 DEBUG Log:31] Load map item option template thành công (0)
[2026-08-31 21:34:06 DEBUG Log:31] Load shop thành công (0)
[2026-08-31 21:34:06 DEBUG Log:31] Load reward lucky round thành công (0)
[2026-08-31 21:34:06 DEBUG Log:31] Load mob template thành công (0)
[2026-08-31 21:34:06 DEBUG Log:31] Load npc template thành công (0)
[2026-08-31 21:34:06 ERROR Log:57] nro.services.MapService: resources\khanhdtk\map\tile_set_info (The system cannot find the path specified)
java.io.FileNotFoundException: resources\khanhdtk\map\tile_set_info (The system cannot find the path specified)
	at java.base/java.io.FileInputStream.open0(Native Method)
	at java.base/java.io.FileInputStream.open(FileInputStream.java:216)
	at java.base/java.io.FileInputStream.<init>(FileInputStream.java:157)
	at java.base/java.io.FileInputStream.<init>(FileInputStream.java:111)
	at nro.server.Manager.readTileIndexTileType(Manager.java:1013)
	at nro.server.Manager.initMap(Manager.java:250)
	at nro.server.Manager.loadDatabase(Manager.java:743)
	at nro.server.Manager.<init>(Manager.java:171)
	at nro.server.Manager.gI(Manager.java:158)
	at nro.server.ServerManager.init(ServerManager.java:70)
	at nro.server.ServerManager.gI(ServerManager.java:82)
	at nro.server.ServerManager.main(ServerManager.java:95)
	at java.base/jdk.internal.reflect.NativeMethodAccessorImpl.invoke0(Native Method)
	at java.base/jdk.internal.reflect.NativeMethodAccessorImpl.invoke(NativeMethodAccessorImpl.java:77)
	at java.base/jdk.internal.reflect.DelegatingMethodAccessorImpl.invoke(DelegatingMethodAccessorImpl.java:43)
	at java.base/java.lang.reflect.Method.invoke(Method.java:569)
	at org.codehaus.mojo.exec.AbstractExecJavaBase.executeMainMethod(AbstractExecJavaBase.java:402)
	at org.codehaus.mojo.exec.ExecJavaMojo.executeMainMethod(ExecJavaMojo.java:142)
	at org.codehaus.mojo.exec.AbstractExecJavaBase.doExecClassLoader(AbstractExecJavaBase.java:377)
	at org.codehaus.mojo.exec.AbstractExecJavaBase.lambda$execute$0(AbstractExecJavaBase.java:287)
	at java.base/java.lang.Thread.run(Thread.java:840)
[2026-08-31 21:34:06 DEBUG Log:31] Thông báo t?i d? li?u images by name thành công (0)
[2026-08-31 21:34:06 DEBUG Log:31] Load clan thành công (0), clan next id: 0
[2026-08-31 21:34:06 DEBUG Log:22] T?ng th?i gian load database: 696(ms)
[2026-08-31 21:34:07 DEBUG Log:22] Thread: 17
[2026-08-31 21:45:05 DEBUG Log:31] Load part thành công (0)
[2026-08-31 21:45:05 DEBUG Log:31] Load skill thành công (0)
[2026-08-31 21:45:05 DEBUG Log:31] Load head avatar thành công (0)
[2026-08-31 21:45:05 DEBUG Log:31] Load flag bag thành công (0)
[2026-08-31 21:45:05 DEBUG Log:31] Load c?i trang thành công (0)
[2026-08-31 21:45:05 DEBUG Log:31] Load intrinsic thành công (0)
[2026-08-31 21:45:05 DEBUG Log:31] Load task thành công (0)
[2026-08-31 21:45:05 DEBUG Log:31] Load side task thành công (0)
[2026-08-31 21:45:05 DEBUG Log:31] Load map item template thành công (0)
[2026-08-31 21:45:05 DEBUG Log:31] Load map item option template thành công (0)
[2026-08-31 21:45:05 DEBUG Log:31] Load shop thành công (0)
[2026-08-31 21:45:05 DEBUG Log:31] Load reward lucky round thành công (0)
[2026-08-31 21:45:05 DEBUG Log:31] Load mob template thành công (0)
[2026-08-31 21:45:05 DEBUG Log:31] Load npc template thành công (0)
[2026-08-31 21:45:05 ERROR Log:57] nro.services.MapService: resources\khanhdtk\map\tile_set_info (The system cannot find the path specified)
java.io.FileNotFoundException: resources\khanhdtk\map\tile_set_info (The system cannot find the path specified)
	at java.base/java.io.FileInputStream.open0(Native Method)
	at java.base/java.io.FileInputStream.open(FileInputStream.java:216)
	at java.base/java.io.FileInputStream.<init>(FileInputStream.java:157)
	at java.base/java.io.FileInputStream.<init>(FileInputStream.java:111)
	at nro.server.Manager.readTileIndexTileType(Manager.java:1013)
	at nro.server.Manager.initMap(Manager.java:250)
	at nro.server.Manager.loadDatabase(Manager.java:743)
	at nro.server.Manager.<init>(Manager.java:171)
	at nro.server.Manager.gI(Manager.java:158)
	at nro.server.ServerManager.init(ServerManager.java:70)
	at nro.server.ServerManager.gI(ServerManager.java:82)
	at nro.server.ServerManager.main(ServerManager.java:95)
	at java.base/jdk.internal.reflect.NativeMethodAccessorImpl.invoke0(Native Method)
	at java.base/jdk.internal.reflect.NativeMethodAccessorImpl.invoke(NativeMethodAccessorImpl.java:77)
	at java.base/jdk.internal.reflect.DelegatingMethodAccessorImpl.invoke(DelegatingMethodAccessorImpl.java:43)
	at java.base/java.lang.reflect.Method.invoke(Method.java:569)
	at org.codehaus.mojo.exec.AbstractExecJavaBase.executeMainMethod(AbstractExecJavaBase.java:402)
	at org.codehaus.mojo.exec.ExecJavaMojo.executeMainMethod(ExecJavaMojo.java:142)
	at org.codehaus.mojo.exec.AbstractExecJavaBase.doExecClassLoader(AbstractExecJavaBase.java:377)
	at org.codehaus.mojo.exec.AbstractExecJavaBase.lambda$execute$0(AbstractExecJavaBase.java:287)
	at java.base/java.lang.Thread.run(Thread.java:840)
[2026-08-31 21:45:05 DEBUG Log:31] Thông báo t?i d? li?u images by name thành công (0)
[2026-08-31 21:45:05 DEBUG Log:31] Load clan thành công (0), clan next id: 0
[2026-08-31 21:45:05 DEBUG Log:22] T?ng th?i gian load database: 992(ms)
[2026-08-31 21:45:05 DEBUG Log:22] Thread: 17
[2026-08-31 22:08:40 DEBUG Log:31] Load part thành công (0)
[2026-08-31 22:08:40 DEBUG Log:31] Load skill thành công (0)
[2026-08-31 22:08:40 DEBUG Log:31] Load head avatar thành công (0)
[2026-08-31 22:08:40 DEBUG Log:31] Load flag bag thành công (0)
[2026-08-31 22:08:40 DEBUG Log:31] Load c?i trang thành công (0)
[2026-08-31 22:08:40 DEBUG Log:31] Load intrinsic thành công (0)
[2026-08-31 22:08:40 DEBUG Log:31] Load task thành công (0)
[2026-08-31 22:08:40 DEBUG Log:31] Load side task thành công (0)
[2026-08-31 22:08:40 DEBUG Log:31] Load map item template thành công (0)
[2026-08-31 22:08:40 DEBUG Log:31] Load map item option template thành công (0)
[2026-08-31 22:08:40 DEBUG Log:31] Load shop thành công (0)
[2026-08-31 22:08:40 DEBUG Log:31] Load reward lucky round thành công (0)
[2026-08-31 22:08:40 DEBUG Log:31] Load mob template thành công (0)
[2026-08-31 22:08:40 DEBUG Log:31] Load npc template thành công (0)
[2026-08-31 22:08:40 ERROR Log:57] nro.services.MapService: resources\khanhdtk\map\tile_set_info (The system cannot find the path specified)
java.io.FileNotFoundException: resources\khanhdtk\map\tile_set_info (The system cannot find the path specified)
	at java.base/java.io.FileInputStream.open0(Native Method)
	at java.base/java.io.FileInputStream.open(FileInputStream.java:216)
	at java.base/java.io.FileInputStream.<init>(FileInputStream.java:157)
	at java.base/java.io.FileInputStream.<init>(FileInputStream.java:111)
	at nro.server.Manager.readTileIndexTileType(Manager.java:1013)
	at nro.server.Manager.initMap(Manager.java:250)
	at nro.server.Manager.loadDatabase(Manager.java:743)
	at nro.server.Manager.<init>(Manager.java:171)
	at nro.server.Manager.gI(Manager.java:158)
	at nro.server.ServerManager.init(ServerManager.java:70)
	at nro.server.ServerManager.gI(ServerManager.java:82)
	at nro.server.ServerManager.main(ServerManager.java:95)
	at java.base/jdk.internal.reflect.NativeMethodAccessorImpl.invoke0(Native Method)
	at java.base/jdk.internal.reflect.NativeMethodAccessorImpl.invoke(NativeMethodAccessorImpl.java:77)
	at java.base/jdk.internal.reflect.DelegatingMethodAccessorImpl.invoke(DelegatingMethodAccessorImpl.java:43)
	at java.base/java.lang.reflect.Method.invoke(Method.java:569)
	at org.codehaus.mojo.exec.AbstractExecJavaBase.executeMainMethod(AbstractExecJavaBase.java:402)
	at org.codehaus.mojo.exec.ExecJavaMojo.executeMainMethod(ExecJavaMojo.java:142)
	at org.codehaus.mojo.exec.AbstractExecJavaBase.doExecClassLoader(AbstractExecJavaBase.java:377)
	at org.codehaus.mojo.exec.AbstractExecJavaBase.lambda$execute$0(AbstractExecJavaBase.java:287)
	at java.base/java.lang.Thread.run(Thread.java:840)
[2026-08-31 22:08:40 DEBUG Log:31] Thông báo t?i d? li?u images by name thành công (0)
[2026-08-31 22:08:40 DEBUG Log:31] Load clan thành công (0), clan next id: 0
[2026-08-31 22:08:40 DEBUG Log:22] T?ng th?i gian load database: 630(ms)
[2026-08-31 22:08:40 DEBUG Log:22] Thread: 18
[2026-08-31 23:19:06 ERROR Log:53] nro.server.Manager:L?i load database
java.lang.NullPointerException: Cannot invoke "org.json.simple.JSONArray.size()" because "dataArray" is null
	at nro.server.Manager.loadDatabase(Manager.java:343)
	at nro.server.Manager.<init>(Manager.java:171)
	at nro.server.Manager.gI(Manager.java:158)
	at nro.server.ServerManager.init(ServerManager.java:70)
	at nro.server.ServerManager.gI(ServerManager.java:82)
	at nro.server.ServerManager.main(ServerManager.java:95)
	at java.base/jdk.internal.reflect.NativeMethodAccessorImpl.invoke0(Native Method)
	at java.base/jdk.internal.reflect.NativeMethodAccessorImpl.invoke(NativeMethodAccessorImpl.java:77)
	at java.base/jdk.internal.reflect.DelegatingMethodAccessorImpl.invoke(DelegatingMethodAccessorImpl.java:43)
	at java.base/java.lang.reflect.Method.invoke(Method.java:569)
	at org.codehaus.mojo.exec.AbstractExecJavaBase.executeMainMethod(AbstractExecJavaBase.java:402)
	at org.codehaus.mojo.exec.ExecJavaMojo.executeMainMethod(ExecJavaMojo.java:142)
	at org.codehaus.mojo.exec.AbstractExecJavaBase.doExecClassLoader(AbstractExecJavaBase.java:377)
	at org.codehaus.mojo.exec.AbstractExecJavaBase.lambda$execute$0(AbstractExecJavaBase.java:287)
	at java.base/java.lang.Thread.run(Thread.java:840)
[2026-08-31 23:29:31 DEBUG Log:31] Load part thành công (2042)
[2026-08-31 23:29:31 DEBUG Log:31] Load map template thành công (163)
[2026-08-31 23:29:31 DEBUG Log:31] Load skill thành công (4)
[2026-08-31 23:29:31 DEBUG Log:31] Load head avatar thành công (351)
[2026-08-31 23:29:31 ERROR Log:53] nro.server.Manager:L?i load database
java.lang.ClassCastException: class java.lang.Integer cannot be cast to class java.lang.String (java.lang.Integer and java.lang.String are in module java.base of loader 'bootstrap')
	at org.bson.Document.getString(Document.java:308)
	at nro.server.Manager.loadDatabase(Manager.java:464)
	at nro.server.Manager.<init>(Manager.java:171)
	at nro.server.Manager.gI(Manager.java:158)
	at nro.server.ServerManager.init(ServerManager.java:70)
	at nro.server.ServerManager.gI(ServerManager.java:82)
	at nro.server.ServerManager.main(ServerManager.java:95)
	at java.base/jdk.internal.reflect.NativeMethodAccessorImpl.invoke0(Native Method)
	at java.base/jdk.internal.reflect.NativeMethodAccessorImpl.invoke(NativeMethodAccessorImpl.java:77)
	at java.base/jdk.internal.reflect.DelegatingMethodAccessorImpl.invoke(DelegatingMethodAccessorImpl.java:43)
	at java.base/java.lang.reflect.Method.invoke(Method.java:569)
	at org.codehaus.mojo.exec.AbstractExecJavaBase.executeMainMethod(AbstractExecJavaBase.java:402)
	at org.codehaus.mojo.exec.ExecJavaMojo.executeMainMethod(ExecJavaMojo.java:142)
	at org.codehaus.mojo.exec.AbstractExecJavaBase.doExecClassLoader(AbstractExecJavaBase.java:377)
	at org.codehaus.mojo.exec.AbstractExecJavaBase.lambda$execute$0(AbstractExecJavaBase.java:287)
	at java.base/java.lang.Thread.run(Thread.java:840)
[2026-08-31 23:33:54 DEBUG Log:31] Load part thành công (2042)
[2026-08-31 23:33:54 DEBUG Log:31] Load map template thành công (163)
[2026-08-31 23:33:54 DEBUG Log:31] Load skill thành công (4)
[2026-08-31 23:33:54 DEBUG Log:31] Load head avatar thành công (351)
[2026-08-31 23:33:54 ERROR Log:53] nro.server.Manager:L?i load database
java.lang.ClassCastException: class java.lang.Integer cannot be cast to class java.lang.String (java.lang.Integer and java.lang.String are in module java.base of loader 'bootstrap')
	at org.bson.Document.getString(Document.java:308)
	at nro.server.Manager.loadDatabase(Manager.java:464)
	at nro.server.Manager.<init>(Manager.java:171)
	at nro.server.Manager.gI(Manager.java:158)
	at nro.server.ServerManager.init(ServerManager.java:70)
	at nro.server.ServerManager.gI(ServerManager.java:82)
	at nro.server.ServerManager.main(ServerManager.java:95)
	at java.base/jdk.internal.reflect.NativeMethodAccessorImpl.invoke0(Native Method)
	at java.base/jdk.internal.reflect.NativeMethodAccessorImpl.invoke(NativeMethodAccessorImpl.java:77)
	at java.base/jdk.internal.reflect.DelegatingMethodAccessorImpl.invoke(DelegatingMethodAccessorImpl.java:43)
	at java.base/java.lang.reflect.Method.invoke(Method.java:569)
	at org.codehaus.mojo.exec.AbstractExecJavaBase.executeMainMethod(AbstractExecJavaBase.java:402)
	at org.codehaus.mojo.exec.ExecJavaMojo.executeMainMethod(ExecJavaMojo.java:142)
	at org.codehaus.mojo.exec.AbstractExecJavaBase.doExecClassLoader(AbstractExecJavaBase.java:377)
	at org.codehaus.mojo.exec.AbstractExecJavaBase.lambda$execute$0(AbstractExecJavaBase.java:287)
	at java.base/java.lang.Thread.run(Thread.java:840)
[2026-08-31 23:36:30 DEBUG Log:31] Load part thành công (2042)
[2026-08-31 23:36:30 DEBUG Log:31] Load map template thành công (163)
[2026-08-31 23:36:30 DEBUG Log:31] Load skill thành công (4)
[2026-08-31 23:36:30 DEBUG Log:31] Load head avatar thành công (351)
[2026-08-31 23:36:30 DEBUG Log:31] Load flag bag thành công (112)
[2026-08-31 23:36:30 DEBUG Log:31] Load c?i trang thành công (361)
[2026-08-31 23:36:30 DEBUG Log:31] Load intrinsic thành công (26)
[2026-08-31 23:36:30 DEBUG Log:31] Load task thành công (0)
[2026-08-31 23:36:30 DEBUG Log:31] Load side task thành công (59)
[2026-08-31 23:36:30 ERROR Log:53] nro.server.Manager:L?i load database
java.lang.ClassCastException: class java.lang.Integer cannot be cast to class java.lang.Boolean (java.lang.Integer and java.lang.Boolean are in module java.base of loader 'bootstrap')
	at org.bson.Document.getBoolean(Document.java:319)
	at nro.server.Manager.loadDatabase(Manager.java:584)
	at nro.server.Manager.<init>(Manager.java:171)
	at nro.server.Manager.gI(Manager.java:158)
	at nro.server.ServerManager.init(ServerManager.java:70)
	at nro.server.ServerManager.gI(ServerManager.java:82)
	at nro.server.ServerManager.main(ServerManager.java:95)
	at java.base/jdk.internal.reflect.NativeMethodAccessorImpl.invoke0(Native Method)
	at java.base/jdk.internal.reflect.NativeMethodAccessorImpl.invoke(NativeMethodAccessorImpl.java:77)
	at java.base/jdk.internal.reflect.DelegatingMethodAccessorImpl.invoke(DelegatingMethodAccessorImpl.java:43)
	at java.base/java.lang.reflect.Method.invoke(Method.java:569)
	at org.codehaus.mojo.exec.AbstractExecJavaBase.executeMainMethod(AbstractExecJavaBase.java:402)
	at org.codehaus.mojo.exec.ExecJavaMojo.executeMainMethod(ExecJavaMojo.java:142)
	at org.codehaus.mojo.exec.AbstractExecJavaBase.doExecClassLoader(AbstractExecJavaBase.java:377)
	at org.codehaus.mojo.exec.AbstractExecJavaBase.lambda$execute$0(AbstractExecJavaBase.java:287)
	at java.base/java.lang.Thread.run(Thread.java:840)
[2026-08-31 23:38:37 DEBUG Log:31] Load part thành công (2042)
[2026-08-31 23:38:37 DEBUG Log:31] Load map template thành công (163)
[2026-08-31 23:38:37 DEBUG Log:31] Load skill thành công (4)
[2026-08-31 23:38:37 DEBUG Log:31] Load head avatar thành công (351)
[2026-08-31 23:38:37 DEBUG Log:31] Load flag bag thành công (112)
[2026-08-31 23:38:37 DEBUG Log:31] Load c?i trang thành công (361)
[2026-08-31 23:38:37 DEBUG Log:31] Load intrinsic thành công (26)
[2026-08-31 23:38:37 DEBUG Log:31] Load task thành công (0)
[2026-08-31 23:38:37 DEBUG Log:31] Load side task thành công (59)
[2026-08-31 23:38:37 ERROR Log:53] nro.server.Manager:L?i load database
java.lang.ClassCastException: class java.lang.Integer cannot be cast to class java.lang.String (java.lang.Integer and java.lang.String are in module java.base of loader 'bootstrap')
	at org.bson.Document.getString(Document.java:308)
	at nro.server.Manager.loadDatabase(Manager.java:581)
	at nro.server.Manager.<init>(Manager.java:171)
	at nro.server.Manager.gI(Manager.java:158)
	at nro.server.ServerManager.init(ServerManager.java:70)
	at nro.server.ServerManager.gI(ServerManager.java:82)
	at nro.server.ServerManager.main(ServerManager.java:95)
	at java.base/jdk.internal.reflect.NativeMethodAccessorImpl.invoke0(Native Method)
	at java.base/jdk.internal.reflect.NativeMethodAccessorImpl.invoke(NativeMethodAccessorImpl.java:77)
	at java.base/jdk.internal.reflect.DelegatingMethodAccessorImpl.invoke(DelegatingMethodAccessorImpl.java:43)
	at java.base/java.lang.reflect.Method.invoke(Method.java:569)
	at org.codehaus.mojo.exec.AbstractExecJavaBase.executeMainMethod(AbstractExecJavaBase.java:402)
	at org.codehaus.mojo.exec.ExecJavaMojo.executeMainMethod(ExecJavaMojo.java:142)
	at org.codehaus.mojo.exec.AbstractExecJavaBase.doExecClassLoader(AbstractExecJavaBase.java:377)
	at org.codehaus.mojo.exec.AbstractExecJavaBase.lambda$execute$0(AbstractExecJavaBase.java:287)
	at java.base/java.lang.Thread.run(Thread.java:840)
[2026-08-31 23:41:28 DEBUG Log:31] Load part thành công (2042)
[2026-08-31 23:41:28 DEBUG Log:31] Load map template thành công (163)
[2026-08-31 23:41:28 DEBUG Log:31] Load skill thành công (4)
[2026-08-31 23:41:28 DEBUG Log:31] Load head avatar thành công (351)
[2026-08-31 23:41:28 DEBUG Log:31] Load flag bag thành công (112)
[2026-08-31 23:41:28 DEBUG Log:31] Load c?i trang thành công (361)
[2026-08-31 23:41:28 DEBUG Log:31] Load intrinsic thành công (26)
[2026-08-31 23:41:28 DEBUG Log:31] Load task thành công (0)
[2026-08-31 23:41:28 DEBUG Log:31] Load side task thành công (59)
[2026-08-31 23:41:28 DEBUG Log:31] Load map item template thành công (2154)
[2026-08-31 23:41:28 DEBUG Log:31] Load map item option template thành công (251)
[2026-08-31 23:41:28 ERROR Log:57] nro.jdbc.daos.ShopDAO: class java.lang.Integer cannot be cast to class java.lang.Boolean (java.lang.Integer and java.lang.Boolean are in module java.base of loader 'bootstrap')
java.lang.ClassCastException: class java.lang.Integer cannot be cast to class java.lang.Boolean (java.lang.Integer and java.lang.Boolean are in module java.base of loader 'bootstrap')
	at org.bson.Document.getBoolean(Document.java:331)
	at nro.jdbc.daos.ShopDAO.loadItemShop(ShopDAO.java:81)
	at nro.jdbc.daos.ShopDAO.loadShopTab(ShopDAO.java:59)
	at nro.jdbc.daos.ShopDAO.getShops(ShopDAO.java:39)
	at nro.server.Manager.loadDatabase(Manager.java:605)
	at nro.server.Manager.<init>(Manager.java:171)
	at nro.server.Manager.gI(Manager.java:158)
	at nro.server.ServerManager.init(ServerManager.java:70)
	at nro.server.ServerManager.gI(ServerManager.java:82)
	at nro.server.ServerManager.main(ServerManager.java:95)
	at java.base/jdk.internal.reflect.NativeMethodAccessorImpl.invoke0(Native Method)
	at java.base/jdk.internal.reflect.NativeMethodAccessorImpl.invoke(NativeMethodAccessorImpl.java:77)
	at java.base/jdk.internal.reflect.DelegatingMethodAccessorImpl.invoke(DelegatingMethodAccessorImpl.java:43)
	at java.base/java.lang.reflect.Method.invoke(Method.java:569)
	at org.codehaus.mojo.exec.AbstractExecJavaBase.executeMainMethod(AbstractExecJavaBase.java:402)
	at org.codehaus.mojo.exec.ExecJavaMojo.executeMainMethod(ExecJavaMojo.java:142)
	at org.codehaus.mojo.exec.AbstractExecJavaBase.doExecClassLoader(AbstractExecJavaBase.java:377)
	at org.codehaus.mojo.exec.AbstractExecJavaBase.lambda$execute$0(AbstractExecJavaBase.java:287)
	at java.base/java.lang.Thread.run(Thread.java:840)
[2026-08-31 23:41:28 ERROR Log:57] nro.jdbc.daos.ShopDAO: class java.lang.Integer cannot be cast to class java.lang.Boolean (java.lang.Integer and java.lang.Boolean are in module java.base of loader 'bootstrap')
java.lang.ClassCastException: class java.lang.Integer cannot be cast to class java.lang.Boolean (java.lang.Integer and java.lang.Boolean are in module java.base of loader 'bootstrap')
	at org.bson.Document.getBoolean(Document.java:331)
	at nro.jdbc.daos.ShopDAO.loadItemShop(ShopDAO.java:81)
	at nro.jdbc.daos.ShopDAO.loadShopTab(ShopDAO.java:59)
	at nro.jdbc.daos.ShopDAO.getShops(ShopDAO.java:39)
	at nro.server.Manager.loadDatabase(Manager.java:605)
	at nro.server.Manager.<init>(Manager.java:171)
	at nro.server.Manager.gI(Manager.java:158)
	at nro.server.ServerManager.init(ServerManager.java:70)
	at nro.server.ServerManager.gI(ServerManager.java:82)
	at nro.server.ServerManager.main(ServerManager.java:95)
	at java.base/jdk.internal.reflect.NativeMethodAccessorImpl.invoke0(Native Method)
	at java.base/jdk.internal.reflect.NativeMethodAccessorImpl.invoke(NativeMethodAccessorImpl.java:77)
	at java.base/jdk.internal.reflect.DelegatingMethodAccessorImpl.invoke(DelegatingMethodAccessorImpl.java:43)
	at java.base/java.lang.reflect.Method.invoke(Method.java:569)
	at org.codehaus.mojo.exec.AbstractExecJavaBase.executeMainMethod(AbstractExecJavaBase.java:402)
	at org.codehaus.mojo.exec.ExecJavaMojo.executeMainMethod(ExecJavaMojo.java:142)
	at org.codehaus.mojo.exec.AbstractExecJavaBase.doExecClassLoader(AbstractExecJavaBase.java:377)
	at org.codehaus.mojo.exec.AbstractExecJavaBase.lambda$execute$0(AbstractExecJavaBase.java:287)
	at java.base/java.lang.Thread.run(Thread.java:840)
[2026-08-31 23:41:28 ERROR Log:57] nro.jdbc.daos.ShopDAO: class java.lang.Integer cannot be cast to class java.lang.Boolean (java.lang.Integer and java.lang.Boolean are in module java.base of loader 'bootstrap')
java.lang.ClassCastException: class java.lang.Integer cannot be cast to class java.lang.Boolean (java.lang.Integer and java.lang.Boolean are in module java.base of loader 'bootstrap')
	at org.bson.Document.getBoolean(Document.java:331)
	at nro.jdbc.daos.ShopDAO.loadItemShop(ShopDAO.java:81)
	at nro.jdbc.daos.ShopDAO.loadShopTab(ShopDAO.java:59)
	at nro.jdbc.daos.ShopDAO.getShops(ShopDAO.java:39)
	at nro.server.Manager.loadDatabase(Manager.java:605)
	at nro.server.Manager.<init>(Manager.java:171)
	at nro.server.Manager.gI(Manager.java:158)
	at nro.server.ServerManager.init(ServerManager.java:70)
	at nro.server.ServerManager.gI(ServerManager.java:82)
	at nro.server.ServerManager.main(ServerManager.java:95)
	at java.base/jdk.internal.reflect.NativeMethodAccessorImpl.invoke0(Native Method)
	at java.base/jdk.internal.reflect.NativeMethodAccessorImpl.invoke(NativeMethodAccessorImpl.java:77)
	at java.base/jdk.internal.reflect.DelegatingMethodAccessorImpl.invoke(DelegatingMethodAccessorImpl.java:43)
	at java.base/java.lang.reflect.Method.invoke(Method.java:569)
	at org.codehaus.mojo.exec.AbstractExecJavaBase.executeMainMethod(AbstractExecJavaBase.java:402)
	at org.codehaus.mojo.exec.ExecJavaMojo.executeMainMethod(ExecJavaMojo.java:142)
	at org.codehaus.mojo.exec.AbstractExecJavaBase.doExecClassLoader(AbstractExecJavaBase.java:377)
	at org.codehaus.mojo.exec.AbstractExecJavaBase.lambda$execute$0(AbstractExecJavaBase.java:287)
	at java.base/java.lang.Thread.run(Thread.java:840)
[2026-08-31 23:41:28 ERROR Log:57] nro.jdbc.daos.ShopDAO: class java.lang.Integer cannot be cast to class java.lang.Boolean (java.lang.Integer and java.lang.Boolean are in module java.base of loader 'bootstrap')
java.lang.ClassCastException: class java.lang.Integer cannot be cast to class java.lang.Boolean (java.lang.Integer and java.lang.Boolean are in module java.base of loader 'bootstrap')
	at org.bson.Document.getBoolean(Document.java:331)
	at nro.jdbc.daos.ShopDAO.loadItemShop(ShopDAO.java:81)
	at nro.jdbc.daos.ShopDAO.loadShopTab(ShopDAO.java:59)
	at nro.jdbc.daos.ShopDAO.getShops(ShopDAO.java:39)
	at nro.server.Manager.loadDatabase(Manager.java:605)
	at nro.server.Manager.<init>(Manager.java:171)
	at nro.server.Manager.gI(Manager.java:158)
	at nro.server.ServerManager.init(ServerManager.java:70)
	at nro.server.ServerManager.gI(ServerManager.java:82)
	at nro.server.ServerManager.main(ServerManager.java:95)
	at java.base/jdk.internal.reflect.NativeMethodAccessorImpl.invoke0(Native Method)
	at java.base/jdk.internal.reflect.NativeMethodAccessorImpl.invoke(NativeMethodAccessorImpl.java:77)
	at java.base/jdk.internal.reflect.DelegatingMethodAccessorImpl.invoke(DelegatingMethodAccessorImpl.java:43)
	at java.base/java.lang.reflect.Method.invoke(Method.java:569)
	at org.codehaus.mojo.exec.AbstractExecJavaBase.executeMainMethod(AbstractExecJavaBase.java:402)
	at org.codehaus.mojo.exec.ExecJavaMojo.executeMainMethod(ExecJavaMojo.java:142)
	at org.codehaus.mojo.exec.AbstractExecJavaBase.doExecClassLoader(AbstractExecJavaBase.java:377)
	at org.codehaus.mojo.exec.AbstractExecJavaBase.lambda$execute$0(AbstractExecJavaBase.java:287)
	at java.base/java.lang.Thread.run(Thread.java:840)
[2026-08-31 23:41:28 ERROR Log:57] nro.jdbc.daos.ShopDAO: class java.lang.Integer cannot be cast to class java.lang.Boolean (java.lang.Integer and java.lang.Boolean are in module java.base of loader 'bootstrap')
java.lang.ClassCastException: class java.lang.Integer cannot be cast to class java.lang.Boolean (java.lang.Integer and java.lang.Boolean are in module java.base of loader 'bootstrap')
	at org.bson.Document.getBoolean(Document.java:331)
	at nro.jdbc.daos.ShopDAO.loadItemShop(ShopDAO.java:81)
	at nro.jdbc.daos.ShopDAO.loadShopTab(ShopDAO.java:59)
	at nro.jdbc.daos.ShopDAO.getShops(ShopDAO.java:39)
	at nro.server.Manager.loadDatabase(Manager.java:605)
	at nro.server.Manager.<init>(Manager.java:171)
	at nro.server.Manager.gI(Manager.java:158)
	at nro.server.ServerManager.init(ServerManager.java:70)
	at nro.server.ServerManager.gI(ServerManager.java:82)
	at nro.server.ServerManager.main(ServerManager.java:95)
	at java.base/jdk.internal.reflect.NativeMethodAccessorImpl.invoke0(Native Method)
	at java.base/jdk.internal.reflect.NativeMethodAccessorImpl.invoke(NativeMethodAccessorImpl.java:77)
	at java.base/jdk.internal.reflect.DelegatingMethodAccessorImpl.invoke(DelegatingMethodAccessorImpl.java:43)
	at java.base/java.lang.reflect.Method.invoke(Method.java:569)
	at org.codehaus.mojo.exec.AbstractExecJavaBase.executeMainMethod(AbstractExecJavaBase.java:402)
	at org.codehaus.mojo.exec.ExecJavaMojo.executeMainMethod(ExecJavaMojo.java:142)
	at org.codehaus.mojo.exec.AbstractExecJavaBase.doExecClassLoader(AbstractExecJavaBase.java:377)
	at org.codehaus.mojo.exec.AbstractExecJavaBase.lambda$execute$0(AbstractExecJavaBase.java:287)
	at java.base/java.lang.Thread.run(Thread.java:840)
[2026-08-31 23:41:28 ERROR Log:57] nro.jdbc.daos.ShopDAO: class java.lang.Integer cannot be cast to class java.lang.Boolean (java.lang.Integer and java.lang.Boolean are in module java.base of loader 'bootstrap')
java.lang.ClassCastException: class java.lang.Integer cannot be cast to class java.lang.Boolean (java.lang.Integer and java.lang.Boolean are in module java.base of loader 'bootstrap')
	at org.bson.Document.getBoolean(Document.java:331)
	at nro.jdbc.daos.ShopDAO.loadItemShop(ShopDAO.java:81)
	at nro.jdbc.daos.ShopDAO.loadShopTab(ShopDAO.java:59)
	at nro.jdbc.daos.ShopDAO.getShops(ShopDAO.java:39)
	at nro.server.Manager.loadDatabase(Manager.java:605)
	at nro.server.Manager.<init>(Manager.java:171)
	at nro.server.Manager.gI(Manager.java:158)
	at nro.server.ServerManager.init(ServerManager.java:70)
	at nro.server.ServerManager.gI(ServerManager.java:82)
	at nro.server.ServerManager.main(ServerManager.java:95)
	at java.base/jdk.internal.reflect.NativeMethodAccessorImpl.invoke0(Native Method)
	at java.base/jdk.internal.reflect.NativeMethodAccessorImpl.invoke(NativeMethodAccessorImpl.java:77)
	at java.base/jdk.internal.reflect.DelegatingMethodAccessorImpl.invoke(DelegatingMethodAccessorImpl.java:43)
	at java.base/java.lang.reflect.Method.invoke(Method.java:569)
	at org.codehaus.mojo.exec.AbstractExecJavaBase.executeMainMethod(AbstractExecJavaBase.java:402)
	at org.codehaus.mojo.exec.ExecJavaMojo.executeMainMethod(ExecJavaMojo.java:142)
	at org.codehaus.mojo.exec.AbstractExecJavaBase.doExecClassLoader(AbstractExecJavaBase.java:377)
	at org.codehaus.mojo.exec.AbstractExecJavaBase.lambda$execute$0(AbstractExecJavaBase.java:287)
	at java.base/java.lang.Thread.run(Thread.java:840)
[2026-08-31 23:41:28 ERROR Log:57] nro.jdbc.daos.ShopDAO: class java.lang.Integer cannot be cast to class java.lang.Boolean (java.lang.Integer and java.lang.Boolean are in module java.base of loader 'bootstrap')
java.lang.ClassCastException: class java.lang.Integer cannot be cast to class java.lang.Boolean (java.lang.Integer and java.lang.Boolean are in module java.base of loader 'bootstrap')
	at org.bson.Document.getBoolean(Document.java:331)
	at nro.jdbc.daos.ShopDAO.loadItemShop(ShopDAO.java:81)
	at nro.jdbc.daos.ShopDAO.loadShopTab(ShopDAO.java:59)
	at nro.jdbc.daos.ShopDAO.getShops(ShopDAO.java:39)
	at nro.server.Manager.loadDatabase(Manager.java:605)
	at nro.server.Manager.<init>(Manager.java:171)
	at nro.server.Manager.gI(Manager.java:158)
	at nro.server.ServerManager.init(ServerManager.java:70)
	at nro.server.ServerManager.gI(ServerManager.java:82)
	at nro.server.ServerManager.main(ServerManager.java:95)
	at java.base/jdk.internal.reflect.NativeMethodAccessorImpl.invoke0(Native Method)
	at java.base/jdk.internal.reflect.NativeMethodAccessorImpl.invoke(NativeMethodAccessorImpl.java:77)
	at java.base/jdk.internal.reflect.DelegatingMethodAccessorImpl.invoke(DelegatingMethodAccessorImpl.java:43)
	at java.base/java.lang.reflect.Method.invoke(Method.java:569)
	at org.codehaus.mojo.exec.AbstractExecJavaBase.executeMainMethod(AbstractExecJavaBase.java:402)
	at org.codehaus.mojo.exec.ExecJavaMojo.executeMainMethod(ExecJavaMojo.java:142)
	at org.codehaus.mojo.exec.AbstractExecJavaBase.doExecClassLoader(AbstractExecJavaBase.java:377)
	at org.codehaus.mojo.exec.AbstractExecJavaBase.lambda$execute$0(AbstractExecJavaBase.java:287)
	at java.base/java.lang.Thread.run(Thread.java:840)
[2026-08-31 23:41:28 ERROR Log:57] nro.jdbc.daos.ShopDAO: class java.lang.Integer cannot be cast to class java.lang.Boolean (java.lang.Integer and java.lang.Boolean are in module java.base of loader 'bootstrap')
java.lang.ClassCastException: class java.lang.Integer cannot be cast to class java.lang.Boolean (java.lang.Integer and java.lang.Boolean are in module java.base of loader 'bootstrap')
	at org.bson.Document.getBoolean(Document.java:331)
	at nro.jdbc.daos.ShopDAO.loadItemShop(ShopDAO.java:81)
	at nro.jdbc.daos.ShopDAO.loadShopTab(ShopDAO.java:59)
	at nro.jdbc.daos.ShopDAO.getShops(ShopDAO.java:39)
	at nro.server.Manager.loadDatabase(Manager.java:605)
	at nro.server.Manager.<init>(Manager.java:171)
	at nro.server.Manager.gI(Manager.java:158)
	at nro.server.ServerManager.init(ServerManager.java:70)
	at nro.server.ServerManager.gI(ServerManager.java:82)
	at nro.server.ServerManager.main(ServerManager.java:95)
	at java.base/jdk.internal.reflect.NativeMethodAccessorImpl.invoke0(Native Method)
	at java.base/jdk.internal.reflect.NativeMethodAccessorImpl.invoke(NativeMethodAccessorImpl.java:77)
	at java.base/jdk.internal.reflect.DelegatingMethodAccessorImpl.invoke(DelegatingMethodAccessorImpl.java:43)
	at java.base/java.lang.reflect.Method.invoke(Method.java:569)
	at org.codehaus.mojo.exec.AbstractExecJavaBase.executeMainMethod(AbstractExecJavaBase.java:402)
	at org.codehaus.mojo.exec.ExecJavaMojo.executeMainMethod(ExecJavaMojo.java:142)
	at org.codehaus.mojo.exec.AbstractExecJavaBase.doExecClassLoader(AbstractExecJavaBase.java:377)
	at org.codehaus.mojo.exec.AbstractExecJavaBase.lambda$execute$0(AbstractExecJavaBase.java:287)
	at java.base/java.lang.Thread.run(Thread.java:840)
[2026-08-31 23:41:28 ERROR Log:57] nro.jdbc.daos.ShopDAO: class java.lang.Integer cannot be cast to class java.lang.Boolean (java.lang.Integer and java.lang.Boolean are in module java.base of loader 'bootstrap')
java.lang.ClassCastException: class java.lang.Integer cannot be cast to class java.lang.Boolean (java.lang.Integer and java.lang.Boolean are in module java.base of loader 'bootstrap')
	at org.bson.Document.getBoolean(Document.java:331)
	at nro.jdbc.daos.ShopDAO.loadItemShop(ShopDAO.java:81)
	at nro.jdbc.daos.ShopDAO.loadShopTab(ShopDAO.java:59)
	at nro.jdbc.daos.ShopDAO.getShops(ShopDAO.java:39)
	at nro.server.Manager.loadDatabase(Manager.java:605)
	at nro.server.Manager.<init>(Manager.java:171)
	at nro.server.Manager.gI(Manager.java:158)
	at nro.server.ServerManager.init(ServerManager.java:70)
	at nro.server.ServerManager.gI(ServerManager.java:82)
	at nro.server.ServerManager.main(ServerManager.java:95)
	at java.base/jdk.internal.reflect.NativeMethodAccessorImpl.invoke0(Native Method)
	at java.base/jdk.internal.reflect.NativeMethodAccessorImpl.invoke(NativeMethodAccessorImpl.java:77)
	at java.base/jdk.internal.reflect.DelegatingMethodAccessorImpl.invoke(DelegatingMethodAccessorImpl.java:43)
	at java.base/java.lang.reflect.Method.invoke(Method.java:569)
	at org.codehaus.mojo.exec.AbstractExecJavaBase.executeMainMethod(AbstractExecJavaBase.java:402)
	at org.codehaus.mojo.exec.ExecJavaMojo.executeMainMethod(ExecJavaMojo.java:142)
	at org.codehaus.mojo.exec.AbstractExecJavaBase.doExecClassLoader(AbstractExecJavaBase.java:377)
	at org.codehaus.mojo.exec.AbstractExecJavaBase.lambda$execute$0(AbstractExecJavaBase.java:287)
	at java.base/java.lang.Thread.run(Thread.java:840)
[2026-08-31 23:41:28 ERROR Log:57] nro.jdbc.daos.ShopDAO: class java.lang.Integer cannot be cast to class java.lang.Boolean (java.lang.Integer and java.lang.Boolean are in module java.base of loader 'bootstrap')
java.lang.ClassCastException: class java.lang.Integer cannot be cast to class java.lang.Boolean (java.lang.Integer and java.lang.Boolean are in module java.base of loader 'bootstrap')
	at org.bson.Document.getBoolean(Document.java:331)
	at nro.jdbc.daos.ShopDAO.loadItemShop(ShopDAO.java:81)
	at nro.jdbc.daos.ShopDAO.loadShopTab(ShopDAO.java:59)
	at nro.jdbc.daos.ShopDAO.getShops(ShopDAO.java:39)
	at nro.server.Manager.loadDatabase(Manager.java:605)
	at nro.server.Manager.<init>(Manager.java:171)
	at nro.server.Manager.gI(Manager.java:158)
	at nro.server.ServerManager.init(ServerManager.java:70)
	at nro.server.ServerManager.gI(ServerManager.java:82)
	at nro.server.ServerManager.main(ServerManager.java:95)
	at java.base/jdk.internal.reflect.NativeMethodAccessorImpl.invoke0(Native Method)
	at java.base/jdk.internal.reflect.NativeMethodAccessorImpl.invoke(NativeMethodAccessorImpl.java:77)
	at java.base/jdk.internal.reflect.DelegatingMethodAccessorImpl.invoke(DelegatingMethodAccessorImpl.java:43)
	at java.base/java.lang.reflect.Method.invoke(Method.java:569)
	at org.codehaus.mojo.exec.AbstractExecJavaBase.executeMainMethod(AbstractExecJavaBase.java:402)
	at org.codehaus.mojo.exec.ExecJavaMojo.executeMainMethod(ExecJavaMojo.java:142)
	at org.codehaus.mojo.exec.AbstractExecJavaBase.doExecClassLoader(AbstractExecJavaBase.java:377)
	at org.codehaus.mojo.exec.AbstractExecJavaBase.lambda$execute$0(AbstractExecJavaBase.java:287)
	at java.base/java.lang.Thread.run(Thread.java:840)
[2026-08-31 23:41:28 ERROR Log:57] nro.jdbc.daos.ShopDAO: class java.lang.Integer cannot be cast to class java.lang.Boolean (java.lang.Integer and java.lang.Boolean are in module java.base of loader 'bootstrap')
java.lang.ClassCastException: class java.lang.Integer cannot be cast to class java.lang.Boolean (java.lang.Integer and java.lang.Boolean are in module java.base of loader 'bootstrap')
	at org.bson.Document.getBoolean(Document.java:331)
	at nro.jdbc.daos.ShopDAO.loadItemShop(ShopDAO.java:81)
	at nro.jdbc.daos.ShopDAO.loadShopTab(ShopDAO.java:59)
	at nro.jdbc.daos.ShopDAO.getShops(ShopDAO.java:39)
	at nro.server.Manager.loadDatabase(Manager.java:605)
	at nro.server.Manager.<init>(Manager.java:171)
	at nro.server.Manager.gI(Manager.java:158)
	at nro.server.ServerManager.init(ServerManager.java:70)
	at nro.server.ServerManager.gI(ServerManager.java:82)
	at nro.server.ServerManager.main(ServerManager.java:95)
	at java.base/jdk.internal.reflect.NativeMethodAccessorImpl.invoke0(Native Method)
	at java.base/jdk.internal.reflect.NativeMethodAccessorImpl.invoke(NativeMethodAccessorImpl.java:77)
	at java.base/jdk.internal.reflect.DelegatingMethodAccessorImpl.invoke(DelegatingMethodAccessorImpl.java:43)
	at java.base/java.lang.reflect.Method.invoke(Method.java:569)
	at org.codehaus.mojo.exec.AbstractExecJavaBase.executeMainMethod(AbstractExecJavaBase.java:402)
	at org.codehaus.mojo.exec.ExecJavaMojo.executeMainMethod(ExecJavaMojo.java:142)
	at org.codehaus.mojo.exec.AbstractExecJavaBase.doExecClassLoader(AbstractExecJavaBase.java:377)
	at org.codehaus.mojo.exec.AbstractExecJavaBase.lambda$execute$0(AbstractExecJavaBase.java:287)
	at java.base/java.lang.Thread.run(Thread.java:840)
[2026-08-31 23:41:28 ERROR Log:57] nro.jdbc.daos.ShopDAO: class java.lang.Integer cannot be cast to class java.lang.Boolean (java.lang.Integer and java.lang.Boolean are in module java.base of loader 'bootstrap')
java.lang.ClassCastException: class java.lang.Integer cannot be cast to class java.lang.Boolean (java.lang.Integer and java.lang.Boolean are in module java.base of loader 'bootstrap')
	at org.bson.Document.getBoolean(Document.java:331)
	at nro.jdbc.daos.ShopDAO.loadItemShop(ShopDAO.java:81)
	at nro.jdbc.daos.ShopDAO.loadShopTab(ShopDAO.java:59)
	at nro.jdbc.daos.ShopDAO.getShops(ShopDAO.java:39)
	at nro.server.Manager.loadDatabase(Manager.java:605)
	at nro.server.Manager.<init>(Manager.java:171)
	at nro.server.Manager.gI(Manager.java:158)
	at nro.server.ServerManager.init(ServerManager.java:70)
	at nro.server.ServerManager.gI(ServerManager.java:82)
	at nro.server.ServerManager.main(ServerManager.java:95)
	at java.base/jdk.internal.reflect.NativeMethodAccessorImpl.invoke0(Native Method)
	at java.base/jdk.internal.reflect.NativeMethodAccessorImpl.invoke(NativeMethodAccessorImpl.java:77)
	at java.base/jdk.internal.reflect.DelegatingMethodAccessorImpl.invoke(DelegatingMethodAccessorImpl.java:43)
	at java.base/java.lang.reflect.Method.invoke(Method.java:569)
	at org.codehaus.mojo.exec.AbstractExecJavaBase.executeMainMethod(AbstractExecJavaBase.java:402)
	at org.codehaus.mojo.exec.ExecJavaMojo.executeMainMethod(ExecJavaMojo.java:142)
	at org.codehaus.mojo.exec.AbstractExecJavaBase.doExecClassLoader(AbstractExecJavaBase.java:377)
	at org.codehaus.mojo.exec.AbstractExecJavaBase.lambda$execute$0(AbstractExecJavaBase.java:287)
	at java.base/java.lang.Thread.run(Thread.java:840)
[2026-08-31 23:41:28 ERROR Log:57] nro.jdbc.daos.ShopDAO: class java.lang.Integer cannot be cast to class java.lang.Boolean (java.lang.Integer and java.lang.Boolean are in module java.base of loader 'bootstrap')
java.lang.ClassCastException: class java.lang.Integer cannot be cast to class java.lang.Boolean (java.lang.Integer and java.lang.Boolean are in module java.base of loader 'bootstrap')
	at org.bson.Document.getBoolean(Document.java:331)
	at nro.jdbc.daos.ShopDAO.loadItemShop(ShopDAO.java:81)
	at nro.jdbc.daos.ShopDAO.loadShopTab(ShopDAO.java:59)
	at nro.jdbc.daos.ShopDAO.getShops(ShopDAO.java:39)
	at nro.server.Manager.loadDatabase(Manager.java:605)
	at nro.server.Manager.<init>(Manager.java:171)
	at nro.server.Manager.gI(Manager.java:158)
	at nro.server.ServerManager.init(ServerManager.java:70)
	at nro.server.ServerManager.gI(ServerManager.java:82)
	at nro.server.ServerManager.main(ServerManager.java:95)
	at java.base/jdk.internal.reflect.NativeMethodAccessorImpl.invoke0(Native Method)
	at java.base/jdk.internal.reflect.NativeMethodAccessorImpl.invoke(NativeMethodAccessorImpl.java:77)
	at java.base/jdk.internal.reflect.DelegatingMethodAccessorImpl.invoke(DelegatingMethodAccessorImpl.java:43)
	at java.base/java.lang.reflect.Method.invoke(Method.java:569)
	at org.codehaus.mojo.exec.AbstractExecJavaBase.executeMainMethod(AbstractExecJavaBase.java:402)
	at org.codehaus.mojo.exec.ExecJavaMojo.executeMainMethod(ExecJavaMojo.java:142)
	at org.codehaus.mojo.exec.AbstractExecJavaBase.doExecClassLoader(AbstractExecJavaBase.java:377)
	at org.codehaus.mojo.exec.AbstractExecJavaBase.lambda$execute$0(AbstractExecJavaBase.java:287)
	at java.base/java.lang.Thread.run(Thread.java:840)
[2026-08-31 23:41:28 ERROR Log:57] nro.jdbc.daos.ShopDAO: class java.lang.Integer cannot be cast to class java.lang.Boolean (java.lang.Integer and java.lang.Boolean are in module java.base of loader 'bootstrap')
java.lang.ClassCastException: class java.lang.Integer cannot be cast to class java.lang.Boolean (java.lang.Integer and java.lang.Boolean are in module java.base of loader 'bootstrap')
	at org.bson.Document.getBoolean(Document.java:331)
	at nro.jdbc.daos.ShopDAO.loadItemShop(ShopDAO.java:81)
	at nro.jdbc.daos.ShopDAO.loadShopTab(ShopDAO.java:59)
	at nro.jdbc.daos.ShopDAO.getShops(ShopDAO.java:39)
	at nro.server.Manager.loadDatabase(Manager.java:605)
	at nro.server.Manager.<init>(Manager.java:171)
	at nro.server.Manager.gI(Manager.java:158)
	at nro.server.ServerManager.init(ServerManager.java:70)
	at nro.server.ServerManager.gI(ServerManager.java:82)
	at nro.server.ServerManager.main(ServerManager.java:95)
	at java.base/jdk.internal.reflect.NativeMethodAccessorImpl.invoke0(Native Method)
	at java.base/jdk.internal.reflect.NativeMethodAccessorImpl.invoke(NativeMethodAccessorImpl.java:77)
	at java.base/jdk.internal.reflect.DelegatingMethodAccessorImpl.invoke(DelegatingMethodAccessorImpl.java:43)
	at java.base/java.lang.reflect.Method.invoke(Method.java:569)
	at org.codehaus.mojo.exec.AbstractExecJavaBase.executeMainMethod(AbstractExecJavaBase.java:402)
	at org.codehaus.mojo.exec.ExecJavaMojo.executeMainMethod(ExecJavaMojo.java:142)
	at org.codehaus.mojo.exec.AbstractExecJavaBase.doExecClassLoader(AbstractExecJavaBase.java:377)
	at org.codehaus.mojo.exec.AbstractExecJavaBase.lambda$execute$0(AbstractExecJavaBase.java:287)
	at java.base/java.lang.Thread.run(Thread.java:840)
[2026-08-31 23:41:28 ERROR Log:57] nro.jdbc.daos.ShopDAO: class java.lang.Integer cannot be cast to class java.lang.Boolean (java.lang.Integer and java.lang.Boolean are in module java.base of loader 'bootstrap')
java.lang.ClassCastException: class java.lang.Integer cannot be cast to class java.lang.Boolean (java.lang.Integer and java.lang.Boolean are in module java.base of loader 'bootstrap')
	at org.bson.Document.getBoolean(Document.java:331)
	at nro.jdbc.daos.ShopDAO.loadItemShop(ShopDAO.java:81)
	at nro.jdbc.daos.ShopDAO.loadShopTab(ShopDAO.java:59)
	at nro.jdbc.daos.ShopDAO.getShops(ShopDAO.java:39)
	at nro.server.Manager.loadDatabase(Manager.java:605)
	at nro.server.Manager.<init>(Manager.java:171)
	at nro.server.Manager.gI(Manager.java:158)
	at nro.server.ServerManager.init(ServerManager.java:70)
	at nro.server.ServerManager.gI(ServerManager.java:82)
	at nro.server.ServerManager.main(ServerManager.java:95)
	at java.base/jdk.internal.reflect.NativeMethodAccessorImpl.invoke0(Native Method)
	at java.base/jdk.internal.reflect.NativeMethodAccessorImpl.invoke(NativeMethodAccessorImpl.java:77)
	at java.base/jdk.internal.reflect.DelegatingMethodAccessorImpl.invoke(DelegatingMethodAccessorImpl.java:43)
	at java.base/java.lang.reflect.Method.invoke(Method.java:569)
	at org.codehaus.mojo.exec.AbstractExecJavaBase.executeMainMethod(AbstractExecJavaBase.java:402)
	at org.codehaus.mojo.exec.ExecJavaMojo.executeMainMethod(ExecJavaMojo.java:142)
	at org.codehaus.mojo.exec.AbstractExecJavaBase.doExecClassLoader(AbstractExecJavaBase.java:377)
	at org.codehaus.mojo.exec.AbstractExecJavaBase.lambda$execute$0(AbstractExecJavaBase.java:287)
	at java.base/java.lang.Thread.run(Thread.java:840)
[2026-08-31 23:41:28 ERROR Log:57] nro.jdbc.daos.ShopDAO: class java.lang.Integer cannot be cast to class java.lang.Boolean (java.lang.Integer and java.lang.Boolean are in module java.base of loader 'bootstrap')
java.lang.ClassCastException: class java.lang.Integer cannot be cast to class java.lang.Boolean (java.lang.Integer and java.lang.Boolean are in module java.base of loader 'bootstrap')
	at org.bson.Document.getBoolean(Document.java:331)
	at nro.jdbc.daos.ShopDAO.loadItemShop(ShopDAO.java:81)
	at nro.jdbc.daos.ShopDAO.loadShopTab(ShopDAO.java:59)
	at nro.jdbc.daos.ShopDAO.getShops(ShopDAO.java:39)
	at nro.server.Manager.loadDatabase(Manager.java:605)
	at nro.server.Manager.<init>(Manager.java:171)
	at nro.server.Manager.gI(Manager.java:158)
	at nro.server.ServerManager.init(ServerManager.java:70)
	at nro.server.ServerManager.gI(ServerManager.java:82)
	at nro.server.ServerManager.main(ServerManager.java:95)
	at java.base/jdk.internal.reflect.NativeMethodAccessorImpl.invoke0(Native Method)
	at java.base/jdk.internal.reflect.NativeMethodAccessorImpl.invoke(NativeMethodAccessorImpl.java:77)
	at java.base/jdk.internal.reflect.DelegatingMethodAccessorImpl.invoke(DelegatingMethodAccessorImpl.java:43)
	at java.base/java.lang.reflect.Method.invoke(Method.java:569)
	at org.codehaus.mojo.exec.AbstractExecJavaBase.executeMainMethod(AbstractExecJavaBase.java:402)
	at org.codehaus.mojo.exec.ExecJavaMojo.executeMainMethod(ExecJavaMojo.java:142)
	at org.codehaus.mojo.exec.AbstractExecJavaBase.doExecClassLoader(AbstractExecJavaBase.java:377)
	at org.codehaus.mojo.exec.AbstractExecJavaBase.lambda$execute$0(AbstractExecJavaBase.java:287)
	at java.base/java.lang.Thread.run(Thread.java:840)
[2026-08-31 23:41:28 ERROR Log:57] nro.jdbc.daos.ShopDAO: class java.lang.Integer cannot be cast to class java.lang.Boolean (java.lang.Integer and java.lang.Boolean are in module java.base of loader 'bootstrap')
java.lang.ClassCastException: class java.lang.Integer cannot be cast to class java.lang.Boolean (java.lang.Integer and java.lang.Boolean are in module java.base of loader 'bootstrap')
	at org.bson.Document.getBoolean(Document.java:331)
	at nro.jdbc.daos.ShopDAO.loadItemShop(ShopDAO.java:81)
	at nro.jdbc.daos.ShopDAO.loadShopTab(ShopDAO.java:59)
	at nro.jdbc.daos.ShopDAO.getShops(ShopDAO.java:39)
	at nro.server.Manager.loadDatabase(Manager.java:605)
	at nro.server.Manager.<init>(Manager.java:171)
	at nro.server.Manager.gI(Manager.java:158)
	at nro.server.ServerManager.init(ServerManager.java:70)
	at nro.server.ServerManager.gI(ServerManager.java:82)
	at nro.server.ServerManager.main(ServerManager.java:95)
	at java.base/jdk.internal.reflect.NativeMethodAccessorImpl.invoke0(Native Method)
	at java.base/jdk.internal.reflect.NativeMethodAccessorImpl.invoke(NativeMethodAccessorImpl.java:77)
	at java.base/jdk.internal.reflect.DelegatingMethodAccessorImpl.invoke(DelegatingMethodAccessorImpl.java:43)
	at java.base/java.lang.reflect.Method.invoke(Method.java:569)
	at org.codehaus.mojo.exec.AbstractExecJavaBase.executeMainMethod(AbstractExecJavaBase.java:402)
	at org.codehaus.mojo.exec.ExecJavaMojo.executeMainMethod(ExecJavaMojo.java:142)
	at org.codehaus.mojo.exec.AbstractExecJavaBase.doExecClassLoader(AbstractExecJavaBase.java:377)
	at org.codehaus.mojo.exec.AbstractExecJavaBase.lambda$execute$0(AbstractExecJavaBase.java:287)
	at java.base/java.lang.Thread.run(Thread.java:840)
[2026-08-31 23:41:28 ERROR Log:57] nro.jdbc.daos.ShopDAO: class java.lang.Integer cannot be cast to class java.lang.Boolean (java.lang.Integer and java.lang.Boolean are in module java.base of loader 'bootstrap')
java.lang.ClassCastException: class java.lang.Integer cannot be cast to class java.lang.Boolean (java.lang.Integer and java.lang.Boolean are in module java.base of loader 'bootstrap')
	at org.bson.Document.getBoolean(Document.java:331)
	at nro.jdbc.daos.ShopDAO.loadItemShop(ShopDAO.java:81)
	at nro.jdbc.daos.ShopDAO.loadShopTab(ShopDAO.java:59)
	at nro.jdbc.daos.ShopDAO.getShops(ShopDAO.java:39)
	at nro.server.Manager.loadDatabase(Manager.java:605)
	at nro.server.Manager.<init>(Manager.java:171)
	at nro.server.Manager.gI(Manager.java:158)
	at nro.server.ServerManager.init(ServerManager.java:70)
	at nro.server.ServerManager.gI(ServerManager.java:82)
	at nro.server.ServerManager.main(ServerManager.java:95)
	at java.base/jdk.internal.reflect.NativeMethodAccessorImpl.invoke0(Native Method)
	at java.base/jdk.internal.reflect.NativeMethodAccessorImpl.invoke(NativeMethodAccessorImpl.java:77)
	at java.base/jdk.internal.reflect.DelegatingMethodAccessorImpl.invoke(DelegatingMethodAccessorImpl.java:43)
	at java.base/java.lang.reflect.Method.invoke(Method.java:569)
	at org.codehaus.mojo.exec.AbstractExecJavaBase.executeMainMethod(AbstractExecJavaBase.java:402)
	at org.codehaus.mojo.exec.ExecJavaMojo.executeMainMethod(ExecJavaMojo.java:142)
	at org.codehaus.mojo.exec.AbstractExecJavaBase.doExecClassLoader(AbstractExecJavaBase.java:377)
	at org.codehaus.mojo.exec.AbstractExecJavaBase.lambda$execute$0(AbstractExecJavaBase.java:287)
	at java.base/java.lang.Thread.run(Thread.java:840)
[2026-08-31 23:41:28 ERROR Log:57] nro.jdbc.daos.ShopDAO: class java.lang.Integer cannot be cast to class java.lang.Boolean (java.lang.Integer and java.lang.Boolean are in module java.base of loader 'bootstrap')
java.lang.ClassCastException: class java.lang.Integer cannot be cast to class java.lang.Boolean (java.lang.Integer and java.lang.Boolean are in module java.base of loader 'bootstrap')
	at org.bson.Document.getBoolean(Document.java:331)
	at nro.jdbc.daos.ShopDAO.loadItemShop(ShopDAO.java:81)
	at nro.jdbc.daos.ShopDAO.loadShopTab(ShopDAO.java:59)
	at nro.jdbc.daos.ShopDAO.getShops(ShopDAO.java:39)
	at nro.server.Manager.loadDatabase(Manager.java:605)
	at nro.server.Manager.<init>(Manager.java:171)
	at nro.server.Manager.gI(Manager.java:158)
	at nro.server.ServerManager.init(ServerManager.java:70)
	at nro.server.ServerManager.gI(ServerManager.java:82)
	at nro.server.ServerManager.main(ServerManager.java:95)
	at java.base/jdk.internal.reflect.NativeMethodAccessorImpl.invoke0(Native Method)
	at java.base/jdk.internal.reflect.NativeMethodAccessorImpl.invoke(NativeMethodAccessorImpl.java:77)
	at java.base/jdk.internal.reflect.DelegatingMethodAccessorImpl.invoke(DelegatingMethodAccessorImpl.java:43)
	at java.base/java.lang.reflect.Method.invoke(Method.java:569)
	at org.codehaus.mojo.exec.AbstractExecJavaBase.executeMainMethod(AbstractExecJavaBase.java:402)
	at org.codehaus.mojo.exec.ExecJavaMojo.executeMainMethod(ExecJavaMojo.java:142)
	at org.codehaus.mojo.exec.AbstractExecJavaBase.doExecClassLoader(AbstractExecJavaBase.java:377)
	at org.codehaus.mojo.exec.AbstractExecJavaBase.lambda$execute$0(AbstractExecJavaBase.java:287)
	at java.base/java.lang.Thread.run(Thread.java:840)
[2026-08-31 23:41:28 ERROR Log:57] nro.jdbc.daos.ShopDAO: class java.lang.Integer cannot be cast to class java.lang.Boolean (java.lang.Integer and java.lang.Boolean are in module java.base of loader 'bootstrap')
java.lang.ClassCastException: class java.lang.Integer cannot be cast to class java.lang.Boolean (java.lang.Integer and java.lang.Boolean are in module java.base of loader 'bootstrap')
	at org.bson.Document.getBoolean(Document.java:331)
	at nro.jdbc.daos.ShopDAO.loadItemShop(ShopDAO.java:81)
	at nro.jdbc.daos.ShopDAO.loadShopTab(ShopDAO.java:59)
	at nro.jdbc.daos.ShopDAO.getShops(ShopDAO.java:39)
	at nro.server.Manager.loadDatabase(Manager.java:605)
	at nro.server.Manager.<init>(Manager.java:171)
	at nro.server.Manager.gI(Manager.java:158)
	at nro.server.ServerManager.init(ServerManager.java:70)
	at nro.server.ServerManager.gI(ServerManager.java:82)
	at nro.server.ServerManager.main(ServerManager.java:95)
	at java.base/jdk.internal.reflect.NativeMethodAccessorImpl.invoke0(Native Method)
	at java.base/jdk.internal.reflect.NativeMethodAccessorImpl.invoke(NativeMethodAccessorImpl.java:77)
	at java.base/jdk.internal.reflect.DelegatingMethodAccessorImpl.invoke(DelegatingMethodAccessorImpl.java:43)
	at java.base/java.lang.reflect.Method.invoke(Method.java:569)
	at org.codehaus.mojo.exec.AbstractExecJavaBase.executeMainMethod(AbstractExecJavaBase.java:402)
	at org.codehaus.mojo.exec.ExecJavaMojo.executeMainMethod(ExecJavaMojo.java:142)
	at org.codehaus.mojo.exec.AbstractExecJavaBase.doExecClassLoader(AbstractExecJavaBase.java:377)
	at org.codehaus.mojo.exec.AbstractExecJavaBase.lambda$execute$0(AbstractExecJavaBase.java:287)
	at java.base/java.lang.Thread.run(Thread.java:840)
[2026-08-31 23:41:28 ERROR Log:57] nro.jdbc.daos.ShopDAO: class java.lang.Integer cannot be cast to class java.lang.Boolean (java.lang.Integer and java.lang.Boolean are in module java.base of loader 'bootstrap')
java.lang.ClassCastException: class java.lang.Integer cannot be cast to class java.lang.Boolean (java.lang.Integer and java.lang.Boolean are in module java.base of loader 'bootstrap')
	at org.bson.Document.getBoolean(Document.java:331)
	at nro.jdbc.daos.ShopDAO.loadItemShop(ShopDAO.java:81)
	at nro.jdbc.daos.ShopDAO.loadShopTab(ShopDAO.java:59)
	at nro.jdbc.daos.ShopDAO.getShops(ShopDAO.java:39)
	at nro.server.Manager.loadDatabase(Manager.java:605)
	at nro.server.Manager.<init>(Manager.java:171)
	at nro.server.Manager.gI(Manager.java:158)
	at nro.server.ServerManager.init(ServerManager.java:70)
	at nro.server.ServerManager.gI(ServerManager.java:82)
	at nro.server.ServerManager.main(ServerManager.java:95)
	at java.base/jdk.internal.reflect.NativeMethodAccessorImpl.invoke0(Native Method)
	at java.base/jdk.internal.reflect.NativeMethodAccessorImpl.invoke(NativeMethodAccessorImpl.java:77)
	at java.base/jdk.internal.reflect.DelegatingMethodAccessorImpl.invoke(DelegatingMethodAccessorImpl.java:43)
	at java.base/java.lang.reflect.Method.invoke(Method.java:569)
	at org.codehaus.mojo.exec.AbstractExecJavaBase.executeMainMethod(AbstractExecJavaBase.java:402)
	at org.codehaus.mojo.exec.ExecJavaMojo.executeMainMethod(ExecJavaMojo.java:142)
	at org.codehaus.mojo.exec.AbstractExecJavaBase.doExecClassLoader(AbstractExecJavaBase.java:377)
	at org.codehaus.mojo.exec.AbstractExecJavaBase.lambda$execute$0(AbstractExecJavaBase.java:287)
	at java.base/java.lang.Thread.run(Thread.java:840)
[2026-08-31 23:41:28 ERROR Log:57] nro.jdbc.daos.ShopDAO: class java.lang.Integer cannot be cast to class java.lang.Boolean (java.lang.Integer and java.lang.Boolean are in module java.base of loader 'bootstrap')
java.lang.ClassCastException: class java.lang.Integer cannot be cast to class java.lang.Boolean (java.lang.Integer and java.lang.Boolean are in module java.base of loader 'bootstrap')
	at org.bson.Document.getBoolean(Document.java:331)
	at nro.jdbc.daos.ShopDAO.loadItemShop(ShopDAO.java:81)
	at nro.jdbc.daos.ShopDAO.loadShopTab(ShopDAO.java:59)
	at nro.jdbc.daos.ShopDAO.getShops(ShopDAO.java:39)
	at nro.server.Manager.loadDatabase(Manager.java:605)
	at nro.server.Manager.<init>(Manager.java:171)
	at nro.server.Manager.gI(Manager.java:158)
	at nro.server.ServerManager.init(ServerManager.java:70)
	at nro.server.ServerManager.gI(ServerManager.java:82)
	at nro.server.ServerManager.main(ServerManager.java:95)
	at java.base/jdk.internal.reflect.NativeMethodAccessorImpl.invoke0(Native Method)
	at java.base/jdk.internal.reflect.NativeMethodAccessorImpl.invoke(NativeMethodAccessorImpl.java:77)
	at java.base/jdk.internal.reflect.DelegatingMethodAccessorImpl.invoke(DelegatingMethodAccessorImpl.java:43)
	at java.base/java.lang.reflect.Method.invoke(Method.java:569)
	at org.codehaus.mojo.exec.AbstractExecJavaBase.executeMainMethod(AbstractExecJavaBase.java:402)
	at org.codehaus.mojo.exec.ExecJavaMojo.executeMainMethod(ExecJavaMojo.java:142)
	at org.codehaus.mojo.exec.AbstractExecJavaBase.doExecClassLoader(AbstractExecJavaBase.java:377)
	at org.codehaus.mojo.exec.AbstractExecJavaBase.lambda$execute$0(AbstractExecJavaBase.java:287)
	at java.base/java.lang.Thread.run(Thread.java:840)
[2026-08-31 23:41:28 ERROR Log:57] nro.jdbc.daos.ShopDAO: class java.lang.Integer cannot be cast to class java.lang.Boolean (java.lang.Integer and java.lang.Boolean are in module java.base of loader 'bootstrap')
java.lang.ClassCastException: class java.lang.Integer cannot be cast to class java.lang.Boolean (java.lang.Integer and java.lang.Boolean are in module java.base of loader 'bootstrap')
	at org.bson.Document.getBoolean(Document.java:331)
	at nro.jdbc.daos.ShopDAO.loadItemShop(ShopDAO.java:81)
	at nro.jdbc.daos.ShopDAO.loadShopTab(ShopDAO.java:59)
	at nro.jdbc.daos.ShopDAO.getShops(ShopDAO.java:39)
	at nro.server.Manager.loadDatabase(Manager.java:605)
	at nro.server.Manager.<init>(Manager.java:171)
	at nro.server.Manager.gI(Manager.java:158)
	at nro.server.ServerManager.init(ServerManager.java:70)
	at nro.server.ServerManager.gI(ServerManager.java:82)
	at nro.server.ServerManager.main(ServerManager.java:95)
	at java.base/jdk.internal.reflect.NativeMethodAccessorImpl.invoke0(Native Method)
	at java.base/jdk.internal.reflect.NativeMethodAccessorImpl.invoke(NativeMethodAccessorImpl.java:77)
	at java.base/jdk.internal.reflect.DelegatingMethodAccessorImpl.invoke(DelegatingMethodAccessorImpl.java:43)
	at java.base/java.lang.reflect.Method.invoke(Method.java:569)
	at org.codehaus.mojo.exec.AbstractExecJavaBase.executeMainMethod(AbstractExecJavaBase.java:402)
	at org.codehaus.mojo.exec.ExecJavaMojo.executeMainMethod(ExecJavaMojo.java:142)
	at org.codehaus.mojo.exec.AbstractExecJavaBase.doExecClassLoader(AbstractExecJavaBase.java:377)
	at org.codehaus.mojo.exec.AbstractExecJavaBase.lambda$execute$0(AbstractExecJavaBase.java:287)
	at java.base/java.lang.Thread.run(Thread.java:840)
[2026-08-31 23:41:28 ERROR Log:57] nro.jdbc.daos.ShopDAO: class java.lang.Integer cannot be cast to class java.lang.Boolean (java.lang.Integer and java.lang.Boolean are in module java.base of loader 'bootstrap')
java.lang.ClassCastException: class java.lang.Integer cannot be cast to class java.lang.Boolean (java.lang.Integer and java.lang.Boolean are in module java.base of loader 'bootstrap')
	at org.bson.Document.getBoolean(Document.java:331)
	at nro.jdbc.daos.ShopDAO.loadItemShop(ShopDAO.java:81)
	at nro.jdbc.daos.ShopDAO.loadShopTab(ShopDAO.java:59)
	at nro.jdbc.daos.ShopDAO.getShops(ShopDAO.java:39)
	at nro.server.Manager.loadDatabase(Manager.java:605)
	at nro.server.Manager.<init>(Manager.java:171)
	at nro.server.Manager.gI(Manager.java:158)
	at nro.server.ServerManager.init(ServerManager.java:70)
	at nro.server.ServerManager.gI(ServerManager.java:82)
	at nro.server.ServerManager.main(ServerManager.java:95)
	at java.base/jdk.internal.reflect.NativeMethodAccessorImpl.invoke0(Native Method)
	at java.base/jdk.internal.reflect.NativeMethodAccessorImpl.invoke(NativeMethodAccessorImpl.java:77)
	at java.base/jdk.internal.reflect.DelegatingMethodAccessorImpl.invoke(DelegatingMethodAccessorImpl.java:43)
	at java.base/java.lang.reflect.Method.invoke(Method.java:569)
	at org.codehaus.mojo.exec.AbstractExecJavaBase.executeMainMethod(AbstractExecJavaBase.java:402)
	at org.codehaus.mojo.exec.ExecJavaMojo.executeMainMethod(ExecJavaMojo.java:142)
	at org.codehaus.mojo.exec.AbstractExecJavaBase.doExecClassLoader(AbstractExecJavaBase.java:377)
	at org.codehaus.mojo.exec.AbstractExecJavaBase.lambda$execute$0(AbstractExecJavaBase.java:287)
	at java.base/java.lang.Thread.run(Thread.java:840)
[2026-08-31 23:41:28 ERROR Log:57] nro.jdbc.daos.ShopDAO: class java.lang.Integer cannot be cast to class java.lang.Boolean (java.lang.Integer and java.lang.Boolean are in module java.base of loader 'bootstrap')
java.lang.ClassCastException: class java.lang.Integer cannot be cast to class java.lang.Boolean (java.lang.Integer and java.lang.Boolean are in module java.base of loader 'bootstrap')
	at org.bson.Document.getBoolean(Document.java:331)
	at nro.jdbc.daos.ShopDAO.loadItemShop(ShopDAO.java:81)
	at nro.jdbc.daos.ShopDAO.loadShopTab(ShopDAO.java:59)
	at nro.jdbc.daos.ShopDAO.getShops(ShopDAO.java:39)
	at nro.server.Manager.loadDatabase(Manager.java:605)
	at nro.server.Manager.<init>(Manager.java:171)
	at nro.server.Manager.gI(Manager.java:158)
	at nro.server.ServerManager.init(ServerManager.java:70)
	at nro.server.ServerManager.gI(ServerManager.java:82)
	at nro.server.ServerManager.main(ServerManager.java:95)
	at java.base/jdk.internal.reflect.NativeMethodAccessorImpl.invoke0(Native Method)
	at java.base/jdk.internal.reflect.NativeMethodAccessorImpl.invoke(NativeMethodAccessorImpl.java:77)
	at java.base/jdk.internal.reflect.DelegatingMethodAccessorImpl.invoke(DelegatingMethodAccessorImpl.java:43)
	at java.base/java.lang.reflect.Method.invoke(Method.java:569)
	at org.codehaus.mojo.exec.AbstractExecJavaBase.executeMainMethod(AbstractExecJavaBase.java:402)
	at org.codehaus.mojo.exec.ExecJavaMojo.executeMainMethod(ExecJavaMojo.java:142)
	at org.codehaus.mojo.exec.AbstractExecJavaBase.doExecClassLoader(AbstractExecJavaBase.java:377)
	at org.codehaus.mojo.exec.AbstractExecJavaBase.lambda$execute$0(AbstractExecJavaBase.java:287)
	at java.base/java.lang.Thread.run(Thread.java:840)
[2026-08-31 23:41:28 ERROR Log:57] nro.jdbc.daos.ShopDAO: class java.lang.Integer cannot be cast to class java.lang.Boolean (java.lang.Integer and java.lang.Boolean are in module java.base of loader 'bootstrap')
java.lang.ClassCastException: class java.lang.Integer cannot be cast to class java.lang.Boolean (java.lang.Integer and java.lang.Boolean are in module java.base of loader 'bootstrap')
	at org.bson.Document.getBoolean(Document.java:331)
	at nro.jdbc.daos.ShopDAO.loadItemShop(ShopDAO.java:81)
	at nro.jdbc.daos.ShopDAO.loadShopTab(ShopDAO.java:59)
	at nro.jdbc.daos.ShopDAO.getShops(ShopDAO.java:39)
	at nro.server.Manager.loadDatabase(Manager.java:605)
	at nro.server.Manager.<init>(Manager.java:171)
	at nro.server.Manager.gI(Manager.java:158)
	at nro.server.ServerManager.init(ServerManager.java:70)
	at nro.server.ServerManager.gI(ServerManager.java:82)
	at nro.server.ServerManager.main(ServerManager.java:95)
	at java.base/jdk.internal.reflect.NativeMethodAccessorImpl.invoke0(Native Method)
	at java.base/jdk.internal.reflect.NativeMethodAccessorImpl.invoke(NativeMethodAccessorImpl.java:77)
	at java.base/jdk.internal.reflect.DelegatingMethodAccessorImpl.invoke(DelegatingMethodAccessorImpl.java:43)
	at java.base/java.lang.reflect.Method.invoke(Method.java:569)
	at org.codehaus.mojo.exec.AbstractExecJavaBase.executeMainMethod(AbstractExecJavaBase.java:402)
	at org.codehaus.mojo.exec.ExecJavaMojo.executeMainMethod(ExecJavaMojo.java:142)
	at org.codehaus.mojo.exec.AbstractExecJavaBase.doExecClassLoader(AbstractExecJavaBase.java:377)
	at org.codehaus.mojo.exec.AbstractExecJavaBase.lambda$execute$0(AbstractExecJavaBase.java:287)
	at java.base/java.lang.Thread.run(Thread.java:840)
[2026-08-31 23:41:28 ERROR Log:57] nro.jdbc.daos.ShopDAO: class java.lang.Integer cannot be cast to class java.lang.Boolean (java.lang.Integer and java.lang.Boolean are in module java.base of loader 'bootstrap')
java.lang.ClassCastException: class java.lang.Integer cannot be cast to class java.lang.Boolean (java.lang.Integer and java.lang.Boolean are in module java.base of loader 'bootstrap')
	at org.bson.Document.getBoolean(Document.java:331)
	at nro.jdbc.daos.ShopDAO.loadItemShop(ShopDAO.java:81)
	at nro.jdbc.daos.ShopDAO.loadShopTab(ShopDAO.java:59)
	at nro.jdbc.daos.ShopDAO.getShops(ShopDAO.java:39)
	at nro.server.Manager.loadDatabase(Manager.java:605)
	at nro.server.Manager.<init>(Manager.java:171)
	at nro.server.Manager.gI(Manager.java:158)
	at nro.server.ServerManager.init(ServerManager.java:70)
	at nro.server.ServerManager.gI(ServerManager.java:82)
	at nro.server.ServerManager.main(ServerManager.java:95)
	at java.base/jdk.internal.reflect.NativeMethodAccessorImpl.invoke0(Native Method)
	at java.base/jdk.internal.reflect.NativeMethodAccessorImpl.invoke(NativeMethodAccessorImpl.java:77)
	at java.base/jdk.internal.reflect.DelegatingMethodAccessorImpl.invoke(DelegatingMethodAccessorImpl.java:43)
	at java.base/java.lang.reflect.Method.invoke(Method.java:569)
	at org.codehaus.mojo.exec.AbstractExecJavaBase.executeMainMethod(AbstractExecJavaBase.java:402)
	at org.codehaus.mojo.exec.ExecJavaMojo.executeMainMethod(ExecJavaMojo.java:142)
	at org.codehaus.mojo.exec.AbstractExecJavaBase.doExecClassLoader(AbstractExecJavaBase.java:377)
	at org.codehaus.mojo.exec.AbstractExecJavaBase.lambda$execute$0(AbstractExecJavaBase.java:287)
	at java.base/java.lang.Thread.run(Thread.java:840)
[2026-08-31 23:41:28 ERROR Log:57] nro.jdbc.daos.ShopDAO: class java.lang.Integer cannot be cast to class java.lang.Boolean (java.lang.Integer and java.lang.Boolean are in module java.base of loader 'bootstrap')
java.lang.ClassCastException: class java.lang.Integer cannot be cast to class java.lang.Boolean (java.lang.Integer and java.lang.Boolean are in module java.base of loader 'bootstrap')
	at org.bson.Document.getBoolean(Document.java:331)
	at nro.jdbc.daos.ShopDAO.loadItemShop(ShopDAO.java:81)
	at nro.jdbc.daos.ShopDAO.loadShopTab(ShopDAO.java:59)
	at nro.jdbc.daos.ShopDAO.getShops(ShopDAO.java:39)
	at nro.server.Manager.loadDatabase(Manager.java:605)
	at nro.server.Manager.<init>(Manager.java:171)
	at nro.server.Manager.gI(Manager.java:158)
	at nro.server.ServerManager.init(ServerManager.java:70)
	at nro.server.ServerManager.gI(ServerManager.java:82)
	at nro.server.ServerManager.main(ServerManager.java:95)
	at java.base/jdk.internal.reflect.NativeMethodAccessorImpl.invoke0(Native Method)
	at java.base/jdk.internal.reflect.NativeMethodAccessorImpl.invoke(NativeMethodAccessorImpl.java:77)
	at java.base/jdk.internal.reflect.DelegatingMethodAccessorImpl.invoke(DelegatingMethodAccessorImpl.java:43)
	at java.base/java.lang.reflect.Method.invoke(Method.java:569)
	at org.codehaus.mojo.exec.AbstractExecJavaBase.executeMainMethod(AbstractExecJavaBase.java:402)
	at org.codehaus.mojo.exec.ExecJavaMojo.executeMainMethod(ExecJavaMojo.java:142)
	at org.codehaus.mojo.exec.AbstractExecJavaBase.doExecClassLoader(AbstractExecJavaBase.java:377)
	at org.codehaus.mojo.exec.AbstractExecJavaBase.lambda$execute$0(AbstractExecJavaBase.java:287)
	at java.base/java.lang.Thread.run(Thread.java:840)
[2026-08-31 23:41:28 ERROR Log:57] nro.jdbc.daos.ShopDAO: class java.lang.Integer cannot be cast to class java.lang.Boolean (java.lang.Integer and java.lang.Boolean are in module java.base of loader 'bootstrap')
java.lang.ClassCastException: class java.lang.Integer cannot be cast to class java.lang.Boolean (java.lang.Integer and java.lang.Boolean are in module java.base of loader 'bootstrap')
	at org.bson.Document.getBoolean(Document.java:331)
	at nro.jdbc.daos.ShopDAO.loadItemShop(ShopDAO.java:81)
	at nro.jdbc.daos.ShopDAO.loadShopTab(ShopDAO.java:59)
	at nro.jdbc.daos.ShopDAO.getShops(ShopDAO.java:39)
	at nro.server.Manager.loadDatabase(Manager.java:605)
	at nro.server.Manager.<init>(Manager.java:171)
	at nro.server.Manager.gI(Manager.java:158)
	at nro.server.ServerManager.init(ServerManager.java:70)
	at nro.server.ServerManager.gI(ServerManager.java:82)
	at nro.server.ServerManager.main(ServerManager.java:95)
	at java.base/jdk.internal.reflect.NativeMethodAccessorImpl.invoke0(Native Method)
	at java.base/jdk.internal.reflect.NativeMethodAccessorImpl.invoke(NativeMethodAccessorImpl.java:77)
	at java.base/jdk.internal.reflect.DelegatingMethodAccessorImpl.invoke(DelegatingMethodAccessorImpl.java:43)
	at java.base/java.lang.reflect.Method.invoke(Method.java:569)
	at org.codehaus.mojo.exec.AbstractExecJavaBase.executeMainMethod(AbstractExecJavaBase.java:402)
	at org.codehaus.mojo.exec.ExecJavaMojo.executeMainMethod(ExecJavaMojo.java:142)
	at org.codehaus.mojo.exec.AbstractExecJavaBase.doExecClassLoader(AbstractExecJavaBase.java:377)
	at org.codehaus.mojo.exec.AbstractExecJavaBase.lambda$execute$0(AbstractExecJavaBase.java:287)
	at java.base/java.lang.Thread.run(Thread.java:840)
[2026-08-31 23:41:28 ERROR Log:57] nro.jdbc.daos.ShopDAO: class java.lang.Integer cannot be cast to class java.lang.Boolean (java.lang.Integer and java.lang.Boolean are in module java.base of loader 'bootstrap')
java.lang.ClassCastException: class java.lang.Integer cannot be cast to class java.lang.Boolean (java.lang.Integer and java.lang.Boolean are in module java.base of loader 'bootstrap')
	at org.bson.Document.getBoolean(Document.java:331)
	at nro.jdbc.daos.ShopDAO.loadItemShop(ShopDAO.java:81)
	at nro.jdbc.daos.ShopDAO.loadShopTab(ShopDAO.java:59)
	at nro.jdbc.daos.ShopDAO.getShops(ShopDAO.java:39)
	at nro.server.Manager.loadDatabase(Manager.java:605)
	at nro.server.Manager.<init>(Manager.java:171)
	at nro.server.Manager.gI(Manager.java:158)
	at nro.server.ServerManager.init(ServerManager.java:70)
	at nro.server.ServerManager.gI(ServerManager.java:82)
	at nro.server.ServerManager.main(ServerManager.java:95)
	at java.base/jdk.internal.reflect.NativeMethodAccessorImpl.invoke0(Native Method)
	at java.base/jdk.internal.reflect.NativeMethodAccessorImpl.invoke(NativeMethodAccessorImpl.java:77)
	at java.base/jdk.internal.reflect.DelegatingMethodAccessorImpl.invoke(DelegatingMethodAccessorImpl.java:43)
	at java.base/java.lang.reflect.Method.invoke(Method.java:569)
	at org.codehaus.mojo.exec.AbstractExecJavaBase.executeMainMethod(AbstractExecJavaBase.java:402)
	at org.codehaus.mojo.exec.ExecJavaMojo.executeMainMethod(ExecJavaMojo.java:142)
	at org.codehaus.mojo.exec.AbstractExecJavaBase.doExecClassLoader(AbstractExecJavaBase.java:377)
	at org.codehaus.mojo.exec.AbstractExecJavaBase.lambda$execute$0(AbstractExecJavaBase.java:287)
	at java.base/java.lang.Thread.run(Thread.java:840)
[2026-08-31 23:41:28 ERROR Log:57] nro.jdbc.daos.ShopDAO: class java.lang.Integer cannot be cast to class java.lang.Boolean (java.lang.Integer and java.lang.Boolean are in module java.base of loader 'bootstrap')
java.lang.ClassCastException: class java.lang.Integer cannot be cast to class java.lang.Boolean (java.lang.Integer and java.lang.Boolean are in module java.base of loader 'bootstrap')
	at org.bson.Document.getBoolean(Document.java:331)
	at nro.jdbc.daos.ShopDAO.loadItemShop(ShopDAO.java:81)
	at nro.jdbc.daos.ShopDAO.loadShopTab(ShopDAO.java:59)
	at nro.jdbc.daos.ShopDAO.getShops(ShopDAO.java:39)
	at nro.server.Manager.loadDatabase(Manager.java:605)
	at nro.server.Manager.<init>(Manager.java:171)
	at nro.server.Manager.gI(Manager.java:158)
	at nro.server.ServerManager.init(ServerManager.java:70)
	at nro.server.ServerManager.gI(ServerManager.java:82)
	at nro.server.ServerManager.main(ServerManager.java:95)
	at java.base/jdk.internal.reflect.NativeMethodAccessorImpl.invoke0(Native Method)
	at java.base/jdk.internal.reflect.NativeMethodAccessorImpl.invoke(NativeMethodAccessorImpl.java:77)
	at java.base/jdk.internal.reflect.DelegatingMethodAccessorImpl.invoke(DelegatingMethodAccessorImpl.java:43)
	at java.base/java.lang.reflect.Method.invoke(Method.java:569)
	at org.codehaus.mojo.exec.AbstractExecJavaBase.executeMainMethod(AbstractExecJavaBase.java:402)
	at org.codehaus.mojo.exec.ExecJavaMojo.executeMainMethod(ExecJavaMojo.java:142)
	at org.codehaus.mojo.exec.AbstractExecJavaBase.doExecClassLoader(AbstractExecJavaBase.java:377)
	at org.codehaus.mojo.exec.AbstractExecJavaBase.lambda$execute$0(AbstractExecJavaBase.java:287)
	at java.base/java.lang.Thread.run(Thread.java:840)
[2026-08-31 23:41:28 ERROR Log:57] nro.jdbc.daos.ShopDAO: class java.lang.Integer cannot be cast to class java.lang.Boolean (java.lang.Integer and java.lang.Boolean are in module java.base of loader 'bootstrap')
java.lang.ClassCastException: class java.lang.Integer cannot be cast to class java.lang.Boolean (java.lang.Integer and java.lang.Boolean are in module java.base of loader 'bootstrap')
	at org.bson.Document.getBoolean(Document.java:331)
	at nro.jdbc.daos.ShopDAO.loadItemShop(ShopDAO.java:81)
	at nro.jdbc.daos.ShopDAO.loadShopTab(ShopDAO.java:59)
	at nro.jdbc.daos.ShopDAO.getShops(ShopDAO.java:39)
	at nro.server.Manager.loadDatabase(Manager.java:605)
	at nro.server.Manager.<init>(Manager.java:171)
	at nro.server.Manager.gI(Manager.java:158)
	at nro.server.ServerManager.init(ServerManager.java:70)
	at nro.server.ServerManager.gI(ServerManager.java:82)
	at nro.server.ServerManager.main(ServerManager.java:95)
	at java.base/jdk.internal.reflect.NativeMethodAccessorImpl.invoke0(Native Method)
	at java.base/jdk.internal.reflect.NativeMethodAccessorImpl.invoke(NativeMethodAccessorImpl.java:77)
	at java.base/jdk.internal.reflect.DelegatingMethodAccessorImpl.invoke(DelegatingMethodAccessorImpl.java:43)
	at java.base/java.lang.reflect.Method.invoke(Method.java:569)
	at org.codehaus.mojo.exec.AbstractExecJavaBase.executeMainMethod(AbstractExecJavaBase.java:402)
	at org.codehaus.mojo.exec.ExecJavaMojo.executeMainMethod(ExecJavaMojo.java:142)
	at org.codehaus.mojo.exec.AbstractExecJavaBase.doExecClassLoader(AbstractExecJavaBase.java:377)
	at org.codehaus.mojo.exec.AbstractExecJavaBase.lambda$execute$0(AbstractExecJavaBase.java:287)
	at java.base/java.lang.Thread.run(Thread.java:840)
[2026-08-31 23:41:28 ERROR Log:57] nro.jdbc.daos.ShopDAO: class java.lang.Integer cannot be cast to class java.lang.Boolean (java.lang.Integer and java.lang.Boolean are in module java.base of loader 'bootstrap')
java.lang.ClassCastException: class java.lang.Integer cannot be cast to class java.lang.Boolean (java.lang.Integer and java.lang.Boolean are in module java.base of loader 'bootstrap')
	at org.bson.Document.getBoolean(Document.java:331)
	at nro.jdbc.daos.ShopDAO.loadItemShop(ShopDAO.java:81)
	at nro.jdbc.daos.ShopDAO.loadShopTab(ShopDAO.java:59)
	at nro.jdbc.daos.ShopDAO.getShops(ShopDAO.java:39)
	at nro.server.Manager.loadDatabase(Manager.java:605)
	at nro.server.Manager.<init>(Manager.java:171)
	at nro.server.Manager.gI(Manager.java:158)
	at nro.server.ServerManager.init(ServerManager.java:70)
	at nro.server.ServerManager.gI(ServerManager.java:82)
	at nro.server.ServerManager.main(ServerManager.java:95)
	at java.base/jdk.internal.reflect.NativeMethodAccessorImpl.invoke0(Native Method)
	at java.base/jdk.internal.reflect.NativeMethodAccessorImpl.invoke(NativeMethodAccessorImpl.java:77)
	at java.base/jdk.internal.reflect.DelegatingMethodAccessorImpl.invoke(DelegatingMethodAccessorImpl.java:43)
	at java.base/java.lang.reflect.Method.invoke(Method.java:569)
	at org.codehaus.mojo.exec.AbstractExecJavaBase.executeMainMethod(AbstractExecJavaBase.java:402)
	at org.codehaus.mojo.exec.ExecJavaMojo.executeMainMethod(ExecJavaMojo.java:142)
	at org.codehaus.mojo.exec.AbstractExecJavaBase.doExecClassLoader(AbstractExecJavaBase.java:377)
	at org.codehaus.mojo.exec.AbstractExecJavaBase.lambda$execute$0(AbstractExecJavaBase.java:287)
	at java.base/java.lang.Thread.run(Thread.java:840)
[2026-08-31 23:41:28 ERROR Log:57] nro.jdbc.daos.ShopDAO: class java.lang.Integer cannot be cast to class java.lang.Boolean (java.lang.Integer and java.lang.Boolean are in module java.base of loader 'bootstrap')
java.lang.ClassCastException: class java.lang.Integer cannot be cast to class java.lang.Boolean (java.lang.Integer and java.lang.Boolean are in module java.base of loader 'bootstrap')
	at org.bson.Document.getBoolean(Document.java:331)
	at nro.jdbc.daos.ShopDAO.loadItemShop(ShopDAO.java:81)
	at nro.jdbc.daos.ShopDAO.loadShopTab(ShopDAO.java:59)
	at nro.jdbc.daos.ShopDAO.getShops(ShopDAO.java:39)
	at nro.server.Manager.loadDatabase(Manager.java:605)
	at nro.server.Manager.<init>(Manager.java:171)
	at nro.server.Manager.gI(Manager.java:158)
	at nro.server.ServerManager.init(ServerManager.java:70)
	at nro.server.ServerManager.gI(ServerManager.java:82)
	at nro.server.ServerManager.main(ServerManager.java:95)
	at java.base/jdk.internal.reflect.NativeMethodAccessorImpl.invoke0(Native Method)
	at java.base/jdk.internal.reflect.NativeMethodAccessorImpl.invoke(NativeMethodAccessorImpl.java:77)
	at java.base/jdk.internal.reflect.DelegatingMethodAccessorImpl.invoke(DelegatingMethodAccessorImpl.java:43)
	at java.base/java.lang.reflect.Method.invoke(Method.java:569)
	at org.codehaus.mojo.exec.AbstractExecJavaBase.executeMainMethod(AbstractExecJavaBase.java:402)
	at org.codehaus.mojo.exec.ExecJavaMojo.executeMainMethod(ExecJavaMojo.java:142)
	at org.codehaus.mojo.exec.AbstractExecJavaBase.doExecClassLoader(AbstractExecJavaBase.java:377)
	at org.codehaus.mojo.exec.AbstractExecJavaBase.lambda$execute$0(AbstractExecJavaBase.java:287)
	at java.base/java.lang.Thread.run(Thread.java:840)
[2026-08-31 23:41:28 ERROR Log:57] nro.jdbc.daos.ShopDAO: class java.lang.Integer cannot be cast to class java.lang.Boolean (java.lang.Integer and java.lang.Boolean are in module java.base of loader 'bootstrap')
java.lang.ClassCastException: class java.lang.Integer cannot be cast to class java.lang.Boolean (java.lang.Integer and java.lang.Boolean are in module java.base of loader 'bootstrap')
	at org.bson.Document.getBoolean(Document.java:331)
	at nro.jdbc.daos.ShopDAO.loadItemShop(ShopDAO.java:81)
	at nro.jdbc.daos.ShopDAO.loadShopTab(ShopDAO.java:59)
	at nro.jdbc.daos.ShopDAO.getShops(ShopDAO.java:39)
	at nro.server.Manager.loadDatabase(Manager.java:605)
	at nro.server.Manager.<init>(Manager.java:171)
	at nro.server.Manager.gI(Manager.java:158)
	at nro.server.ServerManager.init(ServerManager.java:70)
	at nro.server.ServerManager.gI(ServerManager.java:82)
	at nro.server.ServerManager.main(ServerManager.java:95)
	at java.base/jdk.internal.reflect.NativeMethodAccessorImpl.invoke0(Native Method)
	at java.base/jdk.internal.reflect.NativeMethodAccessorImpl.invoke(NativeMethodAccessorImpl.java:77)
	at java.base/jdk.internal.reflect.DelegatingMethodAccessorImpl.invoke(DelegatingMethodAccessorImpl.java:43)
	at java.base/java.lang.reflect.Method.invoke(Method.java:569)
	at org.codehaus.mojo.exec.AbstractExecJavaBase.executeMainMethod(AbstractExecJavaBase.java:402)
	at org.codehaus.mojo.exec.ExecJavaMojo.executeMainMethod(ExecJavaMojo.java:142)
	at org.codehaus.mojo.exec.AbstractExecJavaBase.doExecClassLoader(AbstractExecJavaBase.java:377)
	at org.codehaus.mojo.exec.AbstractExecJavaBase.lambda$execute$0(AbstractExecJavaBase.java:287)
	at java.base/java.lang.Thread.run(Thread.java:840)
[2026-08-31 23:41:28 ERROR Log:57] nro.jdbc.daos.ShopDAO: class java.lang.Integer cannot be cast to class java.lang.Boolean (java.lang.Integer and java.lang.Boolean are in module java.base of loader 'bootstrap')
java.lang.ClassCastException: class java.lang.Integer cannot be cast to class java.lang.Boolean (java.lang.Integer and java.lang.Boolean are in module java.base of loader 'bootstrap')
	at org.bson.Document.getBoolean(Document.java:331)
	at nro.jdbc.daos.ShopDAO.loadItemShop(ShopDAO.java:81)
	at nro.jdbc.daos.ShopDAO.loadShopTab(ShopDAO.java:59)
	at nro.jdbc.daos.ShopDAO.getShops(ShopDAO.java:39)
	at nro.server.Manager.loadDatabase(Manager.java:605)
	at nro.server.Manager.<init>(Manager.java:171)
	at nro.server.Manager.gI(Manager.java:158)
	at nro.server.ServerManager.init(ServerManager.java:70)
	at nro.server.ServerManager.gI(ServerManager.java:82)
	at nro.server.ServerManager.main(ServerManager.java:95)
	at java.base/jdk.internal.reflect.NativeMethodAccessorImpl.invoke0(Native Method)
	at java.base/jdk.internal.reflect.NativeMethodAccessorImpl.invoke(NativeMethodAccessorImpl.java:77)
	at java.base/jdk.internal.reflect.DelegatingMethodAccessorImpl.invoke(DelegatingMethodAccessorImpl.java:43)
	at java.base/java.lang.reflect.Method.invoke(Method.java:569)
	at org.codehaus.mojo.exec.AbstractExecJavaBase.executeMainMethod(AbstractExecJavaBase.java:402)
	at org.codehaus.mojo.exec.ExecJavaMojo.executeMainMethod(ExecJavaMojo.java:142)
	at org.codehaus.mojo.exec.AbstractExecJavaBase.doExecClassLoader(AbstractExecJavaBase.java:377)
	at org.codehaus.mojo.exec.AbstractExecJavaBase.lambda$execute$0(AbstractExecJavaBase.java:287)
	at java.base/java.lang.Thread.run(Thread.java:840)
[2026-08-31 23:41:28 ERROR Log:57] nro.jdbc.daos.ShopDAO: class java.lang.Integer cannot be cast to class java.lang.Boolean (java.lang.Integer and java.lang.Boolean are in module java.base of loader 'bootstrap')
java.lang.ClassCastException: class java.lang.Integer cannot be cast to class java.lang.Boolean (java.lang.Integer and java.lang.Boolean are in module java.base of loader 'bootstrap')
	at org.bson.Document.getBoolean(Document.java:331)
	at nro.jdbc.daos.ShopDAO.loadItemShop(ShopDAO.java:81)
	at nro.jdbc.daos.ShopDAO.loadShopTab(ShopDAO.java:59)
	at nro.jdbc.daos.ShopDAO.getShops(ShopDAO.java:39)
	at nro.server.Manager.loadDatabase(Manager.java:605)
	at nro.server.Manager.<init>(Manager.java:171)
	at nro.server.Manager.gI(Manager.java:158)
	at nro.server.ServerManager.init(ServerManager.java:70)
	at nro.server.ServerManager.gI(ServerManager.java:82)
	at nro.server.ServerManager.main(ServerManager.java:95)
	at java.base/jdk.internal.reflect.NativeMethodAccessorImpl.invoke0(Native Method)
	at java.base/jdk.internal.reflect.NativeMethodAccessorImpl.invoke(NativeMethodAccessorImpl.java:77)
	at java.base/jdk.internal.reflect.DelegatingMethodAccessorImpl.invoke(DelegatingMethodAccessorImpl.java:43)
	at java.base/java.lang.reflect.Method.invoke(Method.java:569)
	at org.codehaus.mojo.exec.AbstractExecJavaBase.executeMainMethod(AbstractExecJavaBase.java:402)
	at org.codehaus.mojo.exec.ExecJavaMojo.executeMainMethod(ExecJavaMojo.java:142)
	at org.codehaus.mojo.exec.AbstractExecJavaBase.doExecClassLoader(AbstractExecJavaBase.java:377)
	at org.codehaus.mojo.exec.AbstractExecJavaBase.lambda$execute$0(AbstractExecJavaBase.java:287)
	at java.base/java.lang.Thread.run(Thread.java:840)
[2026-08-31 23:41:28 ERROR Log:57] nro.jdbc.daos.ShopDAO: class java.lang.Integer cannot be cast to class java.lang.Boolean (java.lang.Integer and java.lang.Boolean are in module java.base of loader 'bootstrap')
java.lang.ClassCastException: class java.lang.Integer cannot be cast to class java.lang.Boolean (java.lang.Integer and java.lang.Boolean are in module java.base of loader 'bootstrap')
	at org.bson.Document.getBoolean(Document.java:331)
	at nro.jdbc.daos.ShopDAO.loadItemShop(ShopDAO.java:81)
	at nro.jdbc.daos.ShopDAO.loadShopTab(ShopDAO.java:59)
	at nro.jdbc.daos.ShopDAO.getShops(ShopDAO.java:39)
	at nro.server.Manager.loadDatabase(Manager.java:605)
	at nro.server.Manager.<init>(Manager.java:171)
	at nro.server.Manager.gI(Manager.java:158)
	at nro.server.ServerManager.init(ServerManager.java:70)
	at nro.server.ServerManager.gI(ServerManager.java:82)
	at nro.server.ServerManager.main(ServerManager.java:95)
	at java.base/jdk.internal.reflect.NativeMethodAccessorImpl.invoke0(Native Method)
	at java.base/jdk.internal.reflect.NativeMethodAccessorImpl.invoke(NativeMethodAccessorImpl.java:77)
	at java.base/jdk.internal.reflect.DelegatingMethodAccessorImpl.invoke(DelegatingMethodAccessorImpl.java:43)
	at java.base/java.lang.reflect.Method.invoke(Method.java:569)
	at org.codehaus.mojo.exec.AbstractExecJavaBase.executeMainMethod(AbstractExecJavaBase.java:402)
	at org.codehaus.mojo.exec.ExecJavaMojo.executeMainMethod(ExecJavaMojo.java:142)
	at org.codehaus.mojo.exec.AbstractExecJavaBase.doExecClassLoader(AbstractExecJavaBase.java:377)
	at org.codehaus.mojo.exec.AbstractExecJavaBase.lambda$execute$0(AbstractExecJavaBase.java:287)
	at java.base/java.lang.Thread.run(Thread.java:840)
[2026-08-31 23:41:28 ERROR Log:57] nro.jdbc.daos.ShopDAO: class java.lang.Integer cannot be cast to class java.lang.Boolean (java.lang.Integer and java.lang.Boolean are in module java.base of loader 'bootstrap')
java.lang.ClassCastException: class java.lang.Integer cannot be cast to class java.lang.Boolean (java.lang.Integer and java.lang.Boolean are in module java.base of loader 'bootstrap')
	at org.bson.Document.getBoolean(Document.java:331)
	at nro.jdbc.daos.ShopDAO.loadItemShop(ShopDAO.java:81)
	at nro.jdbc.daos.ShopDAO.loadShopTab(ShopDAO.java:59)
	at nro.jdbc.daos.ShopDAO.getShops(ShopDAO.java:39)
	at nro.server.Manager.loadDatabase(Manager.java:605)
	at nro.server.Manager.<init>(Manager.java:171)
	at nro.server.Manager.gI(Manager.java:158)
	at nro.server.ServerManager.init(ServerManager.java:70)
	at nro.server.ServerManager.gI(ServerManager.java:82)
	at nro.server.ServerManager.main(ServerManager.java:95)
	at java.base/jdk.internal.reflect.NativeMethodAccessorImpl.invoke0(Native Method)
	at java.base/jdk.internal.reflect.NativeMethodAccessorImpl.invoke(NativeMethodAccessorImpl.java:77)
	at java.base/jdk.internal.reflect.DelegatingMethodAccessorImpl.invoke(DelegatingMethodAccessorImpl.java:43)
	at java.base/java.lang.reflect.Method.invoke(Method.java:569)
	at org.codehaus.mojo.exec.AbstractExecJavaBase.executeMainMethod(AbstractExecJavaBase.java:402)
	at org.codehaus.mojo.exec.ExecJavaMojo.executeMainMethod(ExecJavaMojo.java:142)
	at org.codehaus.mojo.exec.AbstractExecJavaBase.doExecClassLoader(AbstractExecJavaBase.java:377)
	at org.codehaus.mojo.exec.AbstractExecJavaBase.lambda$execute$0(AbstractExecJavaBase.java:287)
	at java.base/java.lang.Thread.run(Thread.java:840)
[2026-08-31 23:41:28 DEBUG Log:31] Load shop thành công (22)
[2026-08-31 23:41:28 DEBUG Log:31] Load reward lucky round thành công! 79.25999999999999
[2026-08-31 23:41:28 DEBUG Log:31] Load reward lucky round thành công (82)
[2026-08-31 23:41:28 DEBUG Log:31] Load mob template thành công (84)
[2026-08-31 23:41:28 DEBUG Log:31] Load npc template thành công (80)
[2026-08-31 23:41:31 DEBUG Log:31] Init map thành công!
[2026-08-31 23:41:31 DEBUG Log:31] Thông báo t?i d? li?u images by name thành công (1)
[2026-08-31 23:41:31 DEBUG Log:31] Load clan thành công (0), clan next id: 0
[2026-08-31 23:41:31 DEBUG Log:22] T?ng th?i gian load database: 4582(ms)
[2026-08-31 23:41:32 DEBUG Log:22] Thread: 182
[2026-08-31 23:41:32 ERROR Log:57] nro.manager.TopManager: class java.lang.String cannot be cast to class java.lang.Long (java.lang.String and java.lang.Long are in module java.base of loader 'bootstrap')
java.lang.ClassCastException: class java.lang.String cannot be cast to class java.lang.Long (java.lang.String and java.lang.Long are in module java.base of loader 'bootstrap')
	at org.bson.Document.getLong(Document.java:286)
	at nro.manager.TopManager.loadTopNangDong(TopManager.java:256)
	at nro.server.ServerManager.lambda$autoTask$8(ServerManager.java:343)
	at java.base/java.util.concurrent.Executors$RunnableAdapter.call(Executors.java:539)
	at java.base/java.util.concurrent.FutureTask.runAndReset(FutureTask.java:305)
	at java.base/java.util.concurrent.ScheduledThreadPoolExecutor$ScheduledFutureTask.run(ScheduledThreadPoolExecutor.java:305)
	at java.base/java.util.concurrent.ThreadPoolExecutor.runWorker(ThreadPoolExecutor.java:1136)
	at java.base/java.util.concurrent.ThreadPoolExecutor$Worker.run(ThreadPoolExecutor.java:635)
	at java.base/java.lang.Thread.run(Thread.java:840)
[2026-09-01 00:19:57 DEBUG Log:31] Load part thành công (2042)
[2026-09-01 00:19:57 DEBUG Log:31] Load map template thành công (163)
[2026-09-01 00:19:57 DEBUG Log:31] Load skill thành công (4)
[2026-09-01 00:19:57 DEBUG Log:31] Load head avatar thành công (351)
[2026-09-01 00:19:57 DEBUG Log:31] Load flag bag thành công (112)
[2026-09-01 00:19:57 DEBUG Log:31] Load c?i trang thành công (361)
[2026-09-01 00:19:57 DEBUG Log:31] Load intrinsic thành công (26)
[2026-09-01 00:19:57 DEBUG Log:31] Load task thành công (0)
[2026-09-01 00:19:57 DEBUG Log:31] Load side task thành công (59)
[2026-09-01 00:19:57 DEBUG Log:31] Load map item template thành công (2154)
[2026-09-01 00:19:57 DEBUG Log:31] Load map item option template thành công (251)
[2026-09-01 00:19:57 ERROR Log:57] nro.jdbc.daos.ShopDAO: class java.lang.Integer cannot be cast to class java.lang.Boolean (java.lang.Integer and java.lang.Boolean are in module java.base of loader 'bootstrap')
java.lang.ClassCastException: class java.lang.Integer cannot be cast to class java.lang.Boolean (java.lang.Integer and java.lang.Boolean are in module java.base of loader 'bootstrap')
	at org.bson.Document.getBoolean(Document.java:331)
	at nro.jdbc.daos.ShopDAO.loadItemShop(ShopDAO.java:81)
	at nro.jdbc.daos.ShopDAO.loadShopTab(ShopDAO.java:59)
	at nro.jdbc.daos.ShopDAO.getShops(ShopDAO.java:39)
	at nro.server.Manager.loadDatabase(Manager.java:605)
	at nro.server.Manager.<init>(Manager.java:171)
	at nro.server.Manager.gI(Manager.java:158)
	at nro.server.ServerManager.init(ServerManager.java:70)
	at nro.server.ServerManager.gI(ServerManager.java:82)
	at nro.server.ServerManager.main(ServerManager.java:95)
	at java.base/jdk.internal.reflect.NativeMethodAccessorImpl.invoke0(Native Method)
	at java.base/jdk.internal.reflect.NativeMethodAccessorImpl.invoke(NativeMethodAccessorImpl.java:77)
	at java.base/jdk.internal.reflect.DelegatingMethodAccessorImpl.invoke(DelegatingMethodAccessorImpl.java:43)
	at java.base/java.lang.reflect.Method.invoke(Method.java:569)
	at org.codehaus.mojo.exec.AbstractExecJavaBase.executeMainMethod(AbstractExecJavaBase.java:402)
	at org.codehaus.mojo.exec.ExecJavaMojo.executeMainMethod(ExecJavaMojo.java:142)
	at org.codehaus.mojo.exec.AbstractExecJavaBase.doExecClassLoader(AbstractExecJavaBase.java:377)
	at org.codehaus.mojo.exec.AbstractExecJavaBase.lambda$execute$0(AbstractExecJavaBase.java:287)
	at java.base/java.lang.Thread.run(Thread.java:840)
[2026-09-01 00:19:57 ERROR Log:57] nro.jdbc.daos.ShopDAO: class java.lang.Integer cannot be cast to class java.lang.Boolean (java.lang.Integer and java.lang.Boolean are in module java.base of loader 'bootstrap')
java.lang.ClassCastException: class java.lang.Integer cannot be cast to class java.lang.Boolean (java.lang.Integer and java.lang.Boolean are in module java.base of loader 'bootstrap')
	at org.bson.Document.getBoolean(Document.java:331)
	at nro.jdbc.daos.ShopDAO.loadItemShop(ShopDAO.java:81)
	at nro.jdbc.daos.ShopDAO.loadShopTab(ShopDAO.java:59)
	at nro.jdbc.daos.ShopDAO.getShops(ShopDAO.java:39)
	at nro.server.Manager.loadDatabase(Manager.java:605)
	at nro.server.Manager.<init>(Manager.java:171)
	at nro.server.Manager.gI(Manager.java:158)
	at nro.server.ServerManager.init(ServerManager.java:70)
	at nro.server.ServerManager.gI(ServerManager.java:82)
	at nro.server.ServerManager.main(ServerManager.java:95)
	at java.base/jdk.internal.reflect.NativeMethodAccessorImpl.invoke0(Native Method)
	at java.base/jdk.internal.reflect.NativeMethodAccessorImpl.invoke(NativeMethodAccessorImpl.java:77)
	at java.base/jdk.internal.reflect.DelegatingMethodAccessorImpl.invoke(DelegatingMethodAccessorImpl.java:43)
	at java.base/java.lang.reflect.Method.invoke(Method.java:569)
	at org.codehaus.mojo.exec.AbstractExecJavaBase.executeMainMethod(AbstractExecJavaBase.java:402)
	at org.codehaus.mojo.exec.ExecJavaMojo.executeMainMethod(ExecJavaMojo.java:142)
	at org.codehaus.mojo.exec.AbstractExecJavaBase.doExecClassLoader(AbstractExecJavaBase.java:377)
	at org.codehaus.mojo.exec.AbstractExecJavaBase.lambda$execute$0(AbstractExecJavaBase.java:287)
	at java.base/java.lang.Thread.run(Thread.java:840)
[2026-09-01 00:19:57 ERROR Log:57] nro.jdbc.daos.ShopDAO: class java.lang.Integer cannot be cast to class java.lang.Boolean (java.lang.Integer and java.lang.Boolean are in module java.base of loader 'bootstrap')
java.lang.ClassCastException: class java.lang.Integer cannot be cast to class java.lang.Boolean (java.lang.Integer and java.lang.Boolean are in module java.base of loader 'bootstrap')
	at org.bson.Document.getBoolean(Document.java:331)
	at nro.jdbc.daos.ShopDAO.loadItemShop(ShopDAO.java:81)
	at nro.jdbc.daos.ShopDAO.loadShopTab(ShopDAO.java:59)
	at nro.jdbc.daos.ShopDAO.getShops(ShopDAO.java:39)
	at nro.server.Manager.loadDatabase(Manager.java:605)
	at nro.server.Manager.<init>(Manager.java:171)
	at nro.server.Manager.gI(Manager.java:158)
	at nro.server.ServerManager.init(ServerManager.java:70)
	at nro.server.ServerManager.gI(ServerManager.java:82)
	at nro.server.ServerManager.main(ServerManager.java:95)
	at java.base/jdk.internal.reflect.NativeMethodAccessorImpl.invoke0(Native Method)
	at java.base/jdk.internal.reflect.NativeMethodAccessorImpl.invoke(NativeMethodAccessorImpl.java:77)
	at java.base/jdk.internal.reflect.DelegatingMethodAccessorImpl.invoke(DelegatingMethodAccessorImpl.java:43)
	at java.base/java.lang.reflect.Method.invoke(Method.java:569)
	at org.codehaus.mojo.exec.AbstractExecJavaBase.executeMainMethod(AbstractExecJavaBase.java:402)
	at org.codehaus.mojo.exec.ExecJavaMojo.executeMainMethod(ExecJavaMojo.java:142)
	at org.codehaus.mojo.exec.AbstractExecJavaBase.doExecClassLoader(AbstractExecJavaBase.java:377)
	at org.codehaus.mojo.exec.AbstractExecJavaBase.lambda$execute$0(AbstractExecJavaBase.java:287)
	at java.base/java.lang.Thread.run(Thread.java:840)
[2026-09-01 00:19:57 ERROR Log:57] nro.jdbc.daos.ShopDAO: class java.lang.Integer cannot be cast to class java.lang.Boolean (java.lang.Integer and java.lang.Boolean are in module java.base of loader 'bootstrap')
java.lang.ClassCastException: class java.lang.Integer cannot be cast to class java.lang.Boolean (java.lang.Integer and java.lang.Boolean are in module java.base of loader 'bootstrap')
	at org.bson.Document.getBoolean(Document.java:331)
	at nro.jdbc.daos.ShopDAO.loadItemShop(ShopDAO.java:81)
	at nro.jdbc.daos.ShopDAO.loadShopTab(ShopDAO.java:59)
	at nro.jdbc.daos.ShopDAO.getShops(ShopDAO.java:39)
	at nro.server.Manager.loadDatabase(Manager.java:605)
	at nro.server.Manager.<init>(Manager.java:171)
	at nro.server.Manager.gI(Manager.java:158)
	at nro.server.ServerManager.init(ServerManager.java:70)
	at nro.server.ServerManager.gI(ServerManager.java:82)
	at nro.server.ServerManager.main(ServerManager.java:95)
	at java.base/jdk.internal.reflect.NativeMethodAccessorImpl.invoke0(Native Method)
	at java.base/jdk.internal.reflect.NativeMethodAccessorImpl.invoke(NativeMethodAccessorImpl.java:77)
	at java.base/jdk.internal.reflect.DelegatingMethodAccessorImpl.invoke(DelegatingMethodAccessorImpl.java:43)
	at java.base/java.lang.reflect.Method.invoke(Method.java:569)
	at org.codehaus.mojo.exec.AbstractExecJavaBase.executeMainMethod(AbstractExecJavaBase.java:402)
	at org.codehaus.mojo.exec.ExecJavaMojo.executeMainMethod(ExecJavaMojo.java:142)
	at org.codehaus.mojo.exec.AbstractExecJavaBase.doExecClassLoader(AbstractExecJavaBase.java:377)
	at org.codehaus.mojo.exec.AbstractExecJavaBase.lambda$execute$0(AbstractExecJavaBase.java:287)
	at java.base/java.lang.Thread.run(Thread.java:840)
[2026-09-01 00:19:57 ERROR Log:57] nro.jdbc.daos.ShopDAO: class java.lang.Integer cannot be cast to class java.lang.Boolean (java.lang.Integer and java.lang.Boolean are in module java.base of loader 'bootstrap')
java.lang.ClassCastException: class java.lang.Integer cannot be cast to class java.lang.Boolean (java.lang.Integer and java.lang.Boolean are in module java.base of loader 'bootstrap')
	at org.bson.Document.getBoolean(Document.java:331)
	at nro.jdbc.daos.ShopDAO.loadItemShop(ShopDAO.java:81)
	at nro.jdbc.daos.ShopDAO.loadShopTab(ShopDAO.java:59)
	at nro.jdbc.daos.ShopDAO.getShops(ShopDAO.java:39)
	at nro.server.Manager.loadDatabase(Manager.java:605)
	at nro.server.Manager.<init>(Manager.java:171)
	at nro.server.Manager.gI(Manager.java:158)
	at nro.server.ServerManager.init(ServerManager.java:70)
	at nro.server.ServerManager.gI(ServerManager.java:82)
	at nro.server.ServerManager.main(ServerManager.java:95)
	at java.base/jdk.internal.reflect.NativeMethodAccessorImpl.invoke0(Native Method)
	at java.base/jdk.internal.reflect.NativeMethodAccessorImpl.invoke(NativeMethodAccessorImpl.java:77)
	at java.base/jdk.internal.reflect.DelegatingMethodAccessorImpl.invoke(DelegatingMethodAccessorImpl.java:43)
	at java.base/java.lang.reflect.Method.invoke(Method.java:569)
	at org.codehaus.mojo.exec.AbstractExecJavaBase.executeMainMethod(AbstractExecJavaBase.java:402)
	at org.codehaus.mojo.exec.ExecJavaMojo.executeMainMethod(ExecJavaMojo.java:142)
	at org.codehaus.mojo.exec.AbstractExecJavaBase.doExecClassLoader(AbstractExecJavaBase.java:377)
	at org.codehaus.mojo.exec.AbstractExecJavaBase.lambda$execute$0(AbstractExecJavaBase.java:287)
	at java.base/java.lang.Thread.run(Thread.java:840)
[2026-09-01 00:19:57 ERROR Log:57] nro.jdbc.daos.ShopDAO: class java.lang.Integer cannot be cast to class java.lang.Boolean (java.lang.Integer and java.lang.Boolean are in module java.base of loader 'bootstrap')
java.lang.ClassCastException: class java.lang.Integer cannot be cast to class java.lang.Boolean (java.lang.Integer and java.lang.Boolean are in module java.base of loader 'bootstrap')
	at org.bson.Document.getBoolean(Document.java:331)
	at nro.jdbc.daos.ShopDAO.loadItemShop(ShopDAO.java:81)
	at nro.jdbc.daos.ShopDAO.loadShopTab(ShopDAO.java:59)
	at nro.jdbc.daos.ShopDAO.getShops(ShopDAO.java:39)
	at nro.server.Manager.loadDatabase(Manager.java:605)
	at nro.server.Manager.<init>(Manager.java:171)
	at nro.server.Manager.gI(Manager.java:158)
	at nro.server.ServerManager.init(ServerManager.java:70)
	at nro.server.ServerManager.gI(ServerManager.java:82)
	at nro.server.ServerManager.main(ServerManager.java:95)
	at java.base/jdk.internal.reflect.NativeMethodAccessorImpl.invoke0(Native Method)
	at java.base/jdk.internal.reflect.NativeMethodAccessorImpl.invoke(NativeMethodAccessorImpl.java:77)
	at java.base/jdk.internal.reflect.DelegatingMethodAccessorImpl.invoke(DelegatingMethodAccessorImpl.java:43)
	at java.base/java.lang.reflect.Method.invoke(Method.java:569)
	at org.codehaus.mojo.exec.AbstractExecJavaBase.executeMainMethod(AbstractExecJavaBase.java:402)
	at org.codehaus.mojo.exec.ExecJavaMojo.executeMainMethod(ExecJavaMojo.java:142)
	at org.codehaus.mojo.exec.AbstractExecJavaBase.doExecClassLoader(AbstractExecJavaBase.java:377)
	at org.codehaus.mojo.exec.AbstractExecJavaBase.lambda$execute$0(AbstractExecJavaBase.java:287)
	at java.base/java.lang.Thread.run(Thread.java:840)
[2026-09-01 00:19:57 ERROR Log:57] nro.jdbc.daos.ShopDAO: class java.lang.Integer cannot be cast to class java.lang.Boolean (java.lang.Integer and java.lang.Boolean are in module java.base of loader 'bootstrap')
java.lang.ClassCastException: class java.lang.Integer cannot be cast to class java.lang.Boolean (java.lang.Integer and java.lang.Boolean are in module java.base of loader 'bootstrap')
	at org.bson.Document.getBoolean(Document.java:331)
	at nro.jdbc.daos.ShopDAO.loadItemShop(ShopDAO.java:81)
	at nro.jdbc.daos.ShopDAO.loadShopTab(ShopDAO.java:59)
	at nro.jdbc.daos.ShopDAO.getShops(ShopDAO.java:39)
	at nro.server.Manager.loadDatabase(Manager.java:605)
	at nro.server.Manager.<init>(Manager.java:171)
	at nro.server.Manager.gI(Manager.java:158)
	at nro.server.ServerManager.init(ServerManager.java:70)
	at nro.server.ServerManager.gI(ServerManager.java:82)
	at nro.server.ServerManager.main(ServerManager.java:95)
	at java.base/jdk.internal.reflect.NativeMethodAccessorImpl.invoke0(Native Method)
	at java.base/jdk.internal.reflect.NativeMethodAccessorImpl.invoke(NativeMethodAccessorImpl.java:77)
	at java.base/jdk.internal.reflect.DelegatingMethodAccessorImpl.invoke(DelegatingMethodAccessorImpl.java:43)
	at java.base/java.lang.reflect.Method.invoke(Method.java:569)
	at org.codehaus.mojo.exec.AbstractExecJavaBase.executeMainMethod(AbstractExecJavaBase.java:402)
	at org.codehaus.mojo.exec.ExecJavaMojo.executeMainMethod(ExecJavaMojo.java:142)
	at org.codehaus.mojo.exec.AbstractExecJavaBase.doExecClassLoader(AbstractExecJavaBase.java:377)
	at org.codehaus.mojo.exec.AbstractExecJavaBase.lambda$execute$0(AbstractExecJavaBase.java:287)
	at java.base/java.lang.Thread.run(Thread.java:840)
[2026-09-01 00:19:57 ERROR Log:57] nro.jdbc.daos.ShopDAO: class java.lang.Integer cannot be cast to class java.lang.Boolean (java.lang.Integer and java.lang.Boolean are in module java.base of loader 'bootstrap')
java.lang.ClassCastException: class java.lang.Integer cannot be cast to class java.lang.Boolean (java.lang.Integer and java.lang.Boolean are in module java.base of loader 'bootstrap')
	at org.bson.Document.getBoolean(Document.java:331)
	at nro.jdbc.daos.ShopDAO.loadItemShop(ShopDAO.java:81)
	at nro.jdbc.daos.ShopDAO.loadShopTab(ShopDAO.java:59)
	at nro.jdbc.daos.ShopDAO.getShops(ShopDAO.java:39)
	at nro.server.Manager.loadDatabase(Manager.java:605)
	at nro.server.Manager.<init>(Manager.java:171)
	at nro.server.Manager.gI(Manager.java:158)
	at nro.server.ServerManager.init(ServerManager.java:70)
	at nro.server.ServerManager.gI(ServerManager.java:82)
	at nro.server.ServerManager.main(ServerManager.java:95)
	at java.base/jdk.internal.reflect.NativeMethodAccessorImpl.invoke0(Native Method)
	at java.base/jdk.internal.reflect.NativeMethodAccessorImpl.invoke(NativeMethodAccessorImpl.java:77)
	at java.base/jdk.internal.reflect.DelegatingMethodAccessorImpl.invoke(DelegatingMethodAccessorImpl.java:43)
	at java.base/java.lang.reflect.Method.invoke(Method.java:569)
	at org.codehaus.mojo.exec.AbstractExecJavaBase.executeMainMethod(AbstractExecJavaBase.java:402)
	at org.codehaus.mojo.exec.ExecJavaMojo.executeMainMethod(ExecJavaMojo.java:142)
	at org.codehaus.mojo.exec.AbstractExecJavaBase.doExecClassLoader(AbstractExecJavaBase.java:377)
	at org.codehaus.mojo.exec.AbstractExecJavaBase.lambda$execute$0(AbstractExecJavaBase.java:287)
	at java.base/java.lang.Thread.run(Thread.java:840)
[2026-09-01 00:19:57 ERROR Log:57] nro.jdbc.daos.ShopDAO: class java.lang.Integer cannot be cast to class java.lang.Boolean (java.lang.Integer and java.lang.Boolean are in module java.base of loader 'bootstrap')
java.lang.ClassCastException: class java.lang.Integer cannot be cast to class java.lang.Boolean (java.lang.Integer and java.lang.Boolean are in module java.base of loader 'bootstrap')
	at org.bson.Document.getBoolean(Document.java:331)
	at nro.jdbc.daos.ShopDAO.loadItemShop(ShopDAO.java:81)
	at nro.jdbc.daos.ShopDAO.loadShopTab(ShopDAO.java:59)
	at nro.jdbc.daos.ShopDAO.getShops(ShopDAO.java:39)
	at nro.server.Manager.loadDatabase(Manager.java:605)
	at nro.server.Manager.<init>(Manager.java:171)
	at nro.server.Manager.gI(Manager.java:158)
	at nro.server.ServerManager.init(ServerManager.java:70)
	at nro.server.ServerManager.gI(ServerManager.java:82)
	at nro.server.ServerManager.main(ServerManager.java:95)
	at java.base/jdk.internal.reflect.NativeMethodAccessorImpl.invoke0(Native Method)
	at java.base/jdk.internal.reflect.NativeMethodAccessorImpl.invoke(NativeMethodAccessorImpl.java:77)
	at java.base/jdk.internal.reflect.DelegatingMethodAccessorImpl.invoke(DelegatingMethodAccessorImpl.java:43)
	at java.base/java.lang.reflect.Method.invoke(Method.java:569)
	at org.codehaus.mojo.exec.AbstractExecJavaBase.executeMainMethod(AbstractExecJavaBase.java:402)
	at org.codehaus.mojo.exec.ExecJavaMojo.executeMainMethod(ExecJavaMojo.java:142)
	at org.codehaus.mojo.exec.AbstractExecJavaBase.doExecClassLoader(AbstractExecJavaBase.java:377)
	at org.codehaus.mojo.exec.AbstractExecJavaBase.lambda$execute$0(AbstractExecJavaBase.java:287)
	at java.base/java.lang.Thread.run(Thread.java:840)
[2026-09-01 00:19:57 ERROR Log:57] nro.jdbc.daos.ShopDAO: class java.lang.Integer cannot be cast to class java.lang.Boolean (java.lang.Integer and java.lang.Boolean are in module java.base of loader 'bootstrap')
java.lang.ClassCastException: class java.lang.Integer cannot be cast to class java.lang.Boolean (java.lang.Integer and java.lang.Boolean are in module java.base of loader 'bootstrap')
	at org.bson.Document.getBoolean(Document.java:331)
	at nro.jdbc.daos.ShopDAO.loadItemShop(ShopDAO.java:81)
	at nro.jdbc.daos.ShopDAO.loadShopTab(ShopDAO.java:59)
	at nro.jdbc.daos.ShopDAO.getShops(ShopDAO.java:39)
	at nro.server.Manager.loadDatabase(Manager.java:605)
	at nro.server.Manager.<init>(Manager.java:171)
	at nro.server.Manager.gI(Manager.java:158)
	at nro.server.ServerManager.init(ServerManager.java:70)
	at nro.server.ServerManager.gI(ServerManager.java:82)
	at nro.server.ServerManager.main(ServerManager.java:95)
	at java.base/jdk.internal.reflect.NativeMethodAccessorImpl.invoke0(Native Method)
	at java.base/jdk.internal.reflect.NativeMethodAccessorImpl.invoke(NativeMethodAccessorImpl.java:77)
	at java.base/jdk.internal.reflect.DelegatingMethodAccessorImpl.invoke(DelegatingMethodAccessorImpl.java:43)
	at java.base/java.lang.reflect.Method.invoke(Method.java:569)
	at org.codehaus.mojo.exec.AbstractExecJavaBase.executeMainMethod(AbstractExecJavaBase.java:402)
	at org.codehaus.mojo.exec.ExecJavaMojo.executeMainMethod(ExecJavaMojo.java:142)
	at org.codehaus.mojo.exec.AbstractExecJavaBase.doExecClassLoader(AbstractExecJavaBase.java:377)
	at org.codehaus.mojo.exec.AbstractExecJavaBase.lambda$execute$0(AbstractExecJavaBase.java:287)
	at java.base/java.lang.Thread.run(Thread.java:840)
[2026-09-01 00:19:57 ERROR Log:57] nro.jdbc.daos.ShopDAO: class java.lang.Integer cannot be cast to class java.lang.Boolean (java.lang.Integer and java.lang.Boolean are in module java.base of loader 'bootstrap')
java.lang.ClassCastException: class java.lang.Integer cannot be cast to class java.lang.Boolean (java.lang.Integer and java.lang.Boolean are in module java.base of loader 'bootstrap')
	at org.bson.Document.getBoolean(Document.java:331)
	at nro.jdbc.daos.ShopDAO.loadItemShop(ShopDAO.java:81)
	at nro.jdbc.daos.ShopDAO.loadShopTab(ShopDAO.java:59)
	at nro.jdbc.daos.ShopDAO.getShops(ShopDAO.java:39)
	at nro.server.Manager.loadDatabase(Manager.java:605)
	at nro.server.Manager.<init>(Manager.java:171)
	at nro.server.Manager.gI(Manager.java:158)
	at nro.server.ServerManager.init(ServerManager.java:70)
	at nro.server.ServerManager.gI(ServerManager.java:82)
	at nro.server.ServerManager.main(ServerManager.java:95)
	at java.base/jdk.internal.reflect.NativeMethodAccessorImpl.invoke0(Native Method)
	at java.base/jdk.internal.reflect.NativeMethodAccessorImpl.invoke(NativeMethodAccessorImpl.java:77)
	at java.base/jdk.internal.reflect.DelegatingMethodAccessorImpl.invoke(DelegatingMethodAccessorImpl.java:43)
	at java.base/java.lang.reflect.Method.invoke(Method.java:569)
	at org.codehaus.mojo.exec.AbstractExecJavaBase.executeMainMethod(AbstractExecJavaBase.java:402)
	at org.codehaus.mojo.exec.ExecJavaMojo.executeMainMethod(ExecJavaMojo.java:142)
	at org.codehaus.mojo.exec.AbstractExecJavaBase.doExecClassLoader(AbstractExecJavaBase.java:377)
	at org.codehaus.mojo.exec.AbstractExecJavaBase.lambda$execute$0(AbstractExecJavaBase.java:287)
	at java.base/java.lang.Thread.run(Thread.java:840)
[2026-09-01 00:19:57 ERROR Log:57] nro.jdbc.daos.ShopDAO: class java.lang.Integer cannot be cast to class java.lang.Boolean (java.lang.Integer and java.lang.Boolean are in module java.base of loader 'bootstrap')
java.lang.ClassCastException: class java.lang.Integer cannot be cast to class java.lang.Boolean (java.lang.Integer and java.lang.Boolean are in module java.base of loader 'bootstrap')
	at org.bson.Document.getBoolean(Document.java:331)
	at nro.jdbc.daos.ShopDAO.loadItemShop(ShopDAO.java:81)
	at nro.jdbc.daos.ShopDAO.loadShopTab(ShopDAO.java:59)
	at nro.jdbc.daos.ShopDAO.getShops(ShopDAO.java:39)
	at nro.server.Manager.loadDatabase(Manager.java:605)
	at nro.server.Manager.<init>(Manager.java:171)
	at nro.server.Manager.gI(Manager.java:158)
	at nro.server.ServerManager.init(ServerManager.java:70)
	at nro.server.ServerManager.gI(ServerManager.java:82)
	at nro.server.ServerManager.main(ServerManager.java:95)
	at java.base/jdk.internal.reflect.NativeMethodAccessorImpl.invoke0(Native Method)
	at java.base/jdk.internal.reflect.NativeMethodAccessorImpl.invoke(NativeMethodAccessorImpl.java:77)
	at java.base/jdk.internal.reflect.DelegatingMethodAccessorImpl.invoke(DelegatingMethodAccessorImpl.java:43)
	at java.base/java.lang.reflect.Method.invoke(Method.java:569)
	at org.codehaus.mojo.exec.AbstractExecJavaBase.executeMainMethod(AbstractExecJavaBase.java:402)
	at org.codehaus.mojo.exec.ExecJavaMojo.executeMainMethod(ExecJavaMojo.java:142)
	at org.codehaus.mojo.exec.AbstractExecJavaBase.doExecClassLoader(AbstractExecJavaBase.java:377)
	at org.codehaus.mojo.exec.AbstractExecJavaBase.lambda$execute$0(AbstractExecJavaBase.java:287)
	at java.base/java.lang.Thread.run(Thread.java:840)
[2026-09-01 00:19:57 ERROR Log:57] nro.jdbc.daos.ShopDAO: class java.lang.Integer cannot be cast to class java.lang.Boolean (java.lang.Integer and java.lang.Boolean are in module java.base of loader 'bootstrap')
java.lang.ClassCastException: class java.lang.Integer cannot be cast to class java.lang.Boolean (java.lang.Integer and java.lang.Boolean are in module java.base of loader 'bootstrap')
	at org.bson.Document.getBoolean(Document.java:331)
	at nro.jdbc.daos.ShopDAO.loadItemShop(ShopDAO.java:81)
	at nro.jdbc.daos.ShopDAO.loadShopTab(ShopDAO.java:59)
	at nro.jdbc.daos.ShopDAO.getShops(ShopDAO.java:39)
	at nro.server.Manager.loadDatabase(Manager.java:605)
	at nro.server.Manager.<init>(Manager.java:171)
	at nro.server.Manager.gI(Manager.java:158)
	at nro.server.ServerManager.init(ServerManager.java:70)
	at nro.server.ServerManager.gI(ServerManager.java:82)
	at nro.server.ServerManager.main(ServerManager.java:95)
	at java.base/jdk.internal.reflect.NativeMethodAccessorImpl.invoke0(Native Method)
	at java.base/jdk.internal.reflect.NativeMethodAccessorImpl.invoke(NativeMethodAccessorImpl.java:77)
	at java.base/jdk.internal.reflect.DelegatingMethodAccessorImpl.invoke(DelegatingMethodAccessorImpl.java:43)
	at java.base/java.lang.reflect.Method.invoke(Method.java:569)
	at org.codehaus.mojo.exec.AbstractExecJavaBase.executeMainMethod(AbstractExecJavaBase.java:402)
	at org.codehaus.mojo.exec.ExecJavaMojo.executeMainMethod(ExecJavaMojo.java:142)
	at org.codehaus.mojo.exec.AbstractExecJavaBase.doExecClassLoader(AbstractExecJavaBase.java:377)
	at org.codehaus.mojo.exec.AbstractExecJavaBase.lambda$execute$0(AbstractExecJavaBase.java:287)
	at java.base/java.lang.Thread.run(Thread.java:840)
[2026-09-01 00:19:57 ERROR Log:57] nro.jdbc.daos.ShopDAO: class java.lang.Integer cannot be cast to class java.lang.Boolean (java.lang.Integer and java.lang.Boolean are in module java.base of loader 'bootstrap')
java.lang.ClassCastException: class java.lang.Integer cannot be cast to class java.lang.Boolean (java.lang.Integer and java.lang.Boolean are in module java.base of loader 'bootstrap')
	at org.bson.Document.getBoolean(Document.java:331)
	at nro.jdbc.daos.ShopDAO.loadItemShop(ShopDAO.java:81)
	at nro.jdbc.daos.ShopDAO.loadShopTab(ShopDAO.java:59)
	at nro.jdbc.daos.ShopDAO.getShops(ShopDAO.java:39)
	at nro.server.Manager.loadDatabase(Manager.java:605)
	at nro.server.Manager.<init>(Manager.java:171)
	at nro.server.Manager.gI(Manager.java:158)
	at nro.server.ServerManager.init(ServerManager.java:70)
	at nro.server.ServerManager.gI(ServerManager.java:82)
	at nro.server.ServerManager.main(ServerManager.java:95)
	at java.base/jdk.internal.reflect.NativeMethodAccessorImpl.invoke0(Native Method)
	at java.base/jdk.internal.reflect.NativeMethodAccessorImpl.invoke(NativeMethodAccessorImpl.java:77)
	at java.base/jdk.internal.reflect.DelegatingMethodAccessorImpl.invoke(DelegatingMethodAccessorImpl.java:43)
	at java.base/java.lang.reflect.Method.invoke(Method.java:569)
	at org.codehaus.mojo.exec.AbstractExecJavaBase.executeMainMethod(AbstractExecJavaBase.java:402)
	at org.codehaus.mojo.exec.ExecJavaMojo.executeMainMethod(ExecJavaMojo.java:142)
	at org.codehaus.mojo.exec.AbstractExecJavaBase.doExecClassLoader(AbstractExecJavaBase.java:377)
	at org.codehaus.mojo.exec.AbstractExecJavaBase.lambda$execute$0(AbstractExecJavaBase.java:287)
	at java.base/java.lang.Thread.run(Thread.java:840)
[2026-09-01 00:19:57 ERROR Log:57] nro.jdbc.daos.ShopDAO: class java.lang.Integer cannot be cast to class java.lang.Boolean (java.lang.Integer and java.lang.Boolean are in module java.base of loader 'bootstrap')
java.lang.ClassCastException: class java.lang.Integer cannot be cast to class java.lang.Boolean (java.lang.Integer and java.lang.Boolean are in module java.base of loader 'bootstrap')
	at org.bson.Document.getBoolean(Document.java:331)
	at nro.jdbc.daos.ShopDAO.loadItemShop(ShopDAO.java:81)
	at nro.jdbc.daos.ShopDAO.loadShopTab(ShopDAO.java:59)
	at nro.jdbc.daos.ShopDAO.getShops(ShopDAO.java:39)
	at nro.server.Manager.loadDatabase(Manager.java:605)
	at nro.server.Manager.<init>(Manager.java:171)
	at nro.server.Manager.gI(Manager.java:158)
	at nro.server.ServerManager.init(ServerManager.java:70)
	at nro.server.ServerManager.gI(ServerManager.java:82)
	at nro.server.ServerManager.main(ServerManager.java:95)
	at java.base/jdk.internal.reflect.NativeMethodAccessorImpl.invoke0(Native Method)
	at java.base/jdk.internal.reflect.NativeMethodAccessorImpl.invoke(NativeMethodAccessorImpl.java:77)
	at java.base/jdk.internal.reflect.DelegatingMethodAccessorImpl.invoke(DelegatingMethodAccessorImpl.java:43)
	at java.base/java.lang.reflect.Method.invoke(Method.java:569)
	at org.codehaus.mojo.exec.AbstractExecJavaBase.executeMainMethod(AbstractExecJavaBase.java:402)
	at org.codehaus.mojo.exec.ExecJavaMojo.executeMainMethod(ExecJavaMojo.java:142)
	at org.codehaus.mojo.exec.AbstractExecJavaBase.doExecClassLoader(AbstractExecJavaBase.java:377)
	at org.codehaus.mojo.exec.AbstractExecJavaBase.lambda$execute$0(AbstractExecJavaBase.java:287)
	at java.base/java.lang.Thread.run(Thread.java:840)
[2026-09-01 00:19:57 ERROR Log:57] nro.jdbc.daos.ShopDAO: class java.lang.Integer cannot be cast to class java.lang.Boolean (java.lang.Integer and java.lang.Boolean are in module java.base of loader 'bootstrap')
java.lang.ClassCastException: class java.lang.Integer cannot be cast to class java.lang.Boolean (java.lang.Integer and java.lang.Boolean are in module java.base of loader 'bootstrap')
	at org.bson.Document.getBoolean(Document.java:331)
	at nro.jdbc.daos.ShopDAO.loadItemShop(ShopDAO.java:81)
	at nro.jdbc.daos.ShopDAO.loadShopTab(ShopDAO.java:59)
	at nro.jdbc.daos.ShopDAO.getShops(ShopDAO.java:39)
	at nro.server.Manager.loadDatabase(Manager.java:605)
	at nro.server.Manager.<init>(Manager.java:171)
	at nro.server.Manager.gI(Manager.java:158)
	at nro.server.ServerManager.init(ServerManager.java:70)
	at nro.server.ServerManager.gI(ServerManager.java:82)
	at nro.server.ServerManager.main(ServerManager.java:95)
	at java.base/jdk.internal.reflect.NativeMethodAccessorImpl.invoke0(Native Method)
	at java.base/jdk.internal.reflect.NativeMethodAccessorImpl.invoke(NativeMethodAccessorImpl.java:77)
	at java.base/jdk.internal.reflect.DelegatingMethodAccessorImpl.invoke(DelegatingMethodAccessorImpl.java:43)
	at java.base/java.lang.reflect.Method.invoke(Method.java:569)
	at org.codehaus.mojo.exec.AbstractExecJavaBase.executeMainMethod(AbstractExecJavaBase.java:402)
	at org.codehaus.mojo.exec.ExecJavaMojo.executeMainMethod(ExecJavaMojo.java:142)
	at org.codehaus.mojo.exec.AbstractExecJavaBase.doExecClassLoader(AbstractExecJavaBase.java:377)
	at org.codehaus.mojo.exec.AbstractExecJavaBase.lambda$execute$0(AbstractExecJavaBase.java:287)
	at java.base/java.lang.Thread.run(Thread.java:840)
[2026-09-01 00:19:57 ERROR Log:57] nro.jdbc.daos.ShopDAO: class java.lang.Integer cannot be cast to class java.lang.Boolean (java.lang.Integer and java.lang.Boolean are in module java.base of loader 'bootstrap')
java.lang.ClassCastException: class java.lang.Integer cannot be cast to class java.lang.Boolean (java.lang.Integer and java.lang.Boolean are in module java.base of loader 'bootstrap')
	at org.bson.Document.getBoolean(Document.java:331)
	at nro.jdbc.daos.ShopDAO.loadItemShop(ShopDAO.java:81)
	at nro.jdbc.daos.ShopDAO.loadShopTab(ShopDAO.java:59)
	at nro.jdbc.daos.ShopDAO.getShops(ShopDAO.java:39)
	at nro.server.Manager.loadDatabase(Manager.java:605)
	at nro.server.Manager.<init>(Manager.java:171)
	at nro.server.Manager.gI(Manager.java:158)
	at nro.server.ServerManager.init(ServerManager.java:70)
	at nro.server.ServerManager.gI(ServerManager.java:82)
	at nro.server.ServerManager.main(ServerManager.java:95)
	at java.base/jdk.internal.reflect.NativeMethodAccessorImpl.invoke0(Native Method)
	at java.base/jdk.internal.reflect.NativeMethodAccessorImpl.invoke(NativeMethodAccessorImpl.java:77)
	at java.base/jdk.internal.reflect.DelegatingMethodAccessorImpl.invoke(DelegatingMethodAccessorImpl.java:43)
	at java.base/java.lang.reflect.Method.invoke(Method.java:569)
	at org.codehaus.mojo.exec.AbstractExecJavaBase.executeMainMethod(AbstractExecJavaBase.java:402)
	at org.codehaus.mojo.exec.ExecJavaMojo.executeMainMethod(ExecJavaMojo.java:142)
	at org.codehaus.mojo.exec.AbstractExecJavaBase.doExecClassLoader(AbstractExecJavaBase.java:377)
	at org.codehaus.mojo.exec.AbstractExecJavaBase.lambda$execute$0(AbstractExecJavaBase.java:287)
	at java.base/java.lang.Thread.run(Thread.java:840)
[2026-09-01 00:19:57 ERROR Log:57] nro.jdbc.daos.ShopDAO: class java.lang.Integer cannot be cast to class java.lang.Boolean (java.lang.Integer and java.lang.Boolean are in module java.base of loader 'bootstrap')
java.lang.ClassCastException: class java.lang.Integer cannot be cast to class java.lang.Boolean (java.lang.Integer and java.lang.Boolean are in module java.base of loader 'bootstrap')
	at org.bson.Document.getBoolean(Document.java:331)
	at nro.jdbc.daos.ShopDAO.loadItemShop(ShopDAO.java:81)
	at nro.jdbc.daos.ShopDAO.loadShopTab(ShopDAO.java:59)
	at nro.jdbc.daos.ShopDAO.getShops(ShopDAO.java:39)
	at nro.server.Manager.loadDatabase(Manager.java:605)
	at nro.server.Manager.<init>(Manager.java:171)
	at nro.server.Manager.gI(Manager.java:158)
	at nro.server.ServerManager.init(ServerManager.java:70)
	at nro.server.ServerManager.gI(ServerManager.java:82)
	at nro.server.ServerManager.main(ServerManager.java:95)
	at java.base/jdk.internal.reflect.NativeMethodAccessorImpl.invoke0(Native Method)
	at java.base/jdk.internal.reflect.NativeMethodAccessorImpl.invoke(NativeMethodAccessorImpl.java:77)
	at java.base/jdk.internal.reflect.DelegatingMethodAccessorImpl.invoke(DelegatingMethodAccessorImpl.java:43)
	at java.base/java.lang.reflect.Method.invoke(Method.java:569)
	at org.codehaus.mojo.exec.AbstractExecJavaBase.executeMainMethod(AbstractExecJavaBase.java:402)
	at org.codehaus.mojo.exec.ExecJavaMojo.executeMainMethod(ExecJavaMojo.java:142)
	at org.codehaus.mojo.exec.AbstractExecJavaBase.doExecClassLoader(AbstractExecJavaBase.java:377)
	at org.codehaus.mojo.exec.AbstractExecJavaBase.lambda$execute$0(AbstractExecJavaBase.java:287)
	at java.base/java.lang.Thread.run(Thread.java:840)
[2026-09-01 00:19:57 ERROR Log:57] nro.jdbc.daos.ShopDAO: class java.lang.Integer cannot be cast to class java.lang.Boolean (java.lang.Integer and java.lang.Boolean are in module java.base of loader 'bootstrap')
java.lang.ClassCastException: class java.lang.Integer cannot be cast to class java.lang.Boolean (java.lang.Integer and java.lang.Boolean are in module java.base of loader 'bootstrap')
	at org.bson.Document.getBoolean(Document.java:331)
	at nro.jdbc.daos.ShopDAO.loadItemShop(ShopDAO.java:81)
	at nro.jdbc.daos.ShopDAO.loadShopTab(ShopDAO.java:59)
	at nro.jdbc.daos.ShopDAO.getShops(ShopDAO.java:39)
	at nro.server.Manager.loadDatabase(Manager.java:605)
	at nro.server.Manager.<init>(Manager.java:171)
	at nro.server.Manager.gI(Manager.java:158)
	at nro.server.ServerManager.init(ServerManager.java:70)
	at nro.server.ServerManager.gI(ServerManager.java:82)
	at nro.server.ServerManager.main(ServerManager.java:95)
	at java.base/jdk.internal.reflect.NativeMethodAccessorImpl.invoke0(Native Method)
	at java.base/jdk.internal.reflect.NativeMethodAccessorImpl.invoke(NativeMethodAccessorImpl.java:77)
	at java.base/jdk.internal.reflect.DelegatingMethodAccessorImpl.invoke(DelegatingMethodAccessorImpl.java:43)
	at java.base/java.lang.reflect.Method.invoke(Method.java:569)
	at org.codehaus.mojo.exec.AbstractExecJavaBase.executeMainMethod(AbstractExecJavaBase.java:402)
	at org.codehaus.mojo.exec.ExecJavaMojo.executeMainMethod(ExecJavaMojo.java:142)
	at org.codehaus.mojo.exec.AbstractExecJavaBase.doExecClassLoader(AbstractExecJavaBase.java:377)
	at org.codehaus.mojo.exec.AbstractExecJavaBase.lambda$execute$0(AbstractExecJavaBase.java:287)
	at java.base/java.lang.Thread.run(Thread.java:840)
[2026-09-01 00:19:58 ERROR Log:57] nro.jdbc.daos.ShopDAO: class java.lang.Integer cannot be cast to class java.lang.Boolean (java.lang.Integer and java.lang.Boolean are in module java.base of loader 'bootstrap')
java.lang.ClassCastException: class java.lang.Integer cannot be cast to class java.lang.Boolean (java.lang.Integer and java.lang.Boolean are in module java.base of loader 'bootstrap')
	at org.bson.Document.getBoolean(Document.java:331)
	at nro.jdbc.daos.ShopDAO.loadItemShop(ShopDAO.java:81)
	at nro.jdbc.daos.ShopDAO.loadShopTab(ShopDAO.java:59)
	at nro.jdbc.daos.ShopDAO.getShops(ShopDAO.java:39)
	at nro.server.Manager.loadDatabase(Manager.java:605)
	at nro.server.Manager.<init>(Manager.java:171)
	at nro.server.Manager.gI(Manager.java:158)
	at nro.server.ServerManager.init(ServerManager.java:70)
	at nro.server.ServerManager.gI(ServerManager.java:82)
	at nro.server.ServerManager.main(ServerManager.java:95)
	at java.base/jdk.internal.reflect.NativeMethodAccessorImpl.invoke0(Native Method)
	at java.base/jdk.internal.reflect.NativeMethodAccessorImpl.invoke(NativeMethodAccessorImpl.java:77)
	at java.base/jdk.internal.reflect.DelegatingMethodAccessorImpl.invoke(DelegatingMethodAccessorImpl.java:43)
	at java.base/java.lang.reflect.Method.invoke(Method.java:569)
	at org.codehaus.mojo.exec.AbstractExecJavaBase.executeMainMethod(AbstractExecJavaBase.java:402)
	at org.codehaus.mojo.exec.ExecJavaMojo.executeMainMethod(ExecJavaMojo.java:142)
	at org.codehaus.mojo.exec.AbstractExecJavaBase.doExecClassLoader(AbstractExecJavaBase.java:377)
	at org.codehaus.mojo.exec.AbstractExecJavaBase.lambda$execute$0(AbstractExecJavaBase.java:287)
	at java.base/java.lang.Thread.run(Thread.java:840)
[2026-09-01 00:19:58 ERROR Log:57] nro.jdbc.daos.ShopDAO: class java.lang.Integer cannot be cast to class java.lang.Boolean (java.lang.Integer and java.lang.Boolean are in module java.base of loader 'bootstrap')
java.lang.ClassCastException: class java.lang.Integer cannot be cast to class java.lang.Boolean (java.lang.Integer and java.lang.Boolean are in module java.base of loader 'bootstrap')
	at org.bson.Document.getBoolean(Document.java:331)
	at nro.jdbc.daos.ShopDAO.loadItemShop(ShopDAO.java:81)
	at nro.jdbc.daos.ShopDAO.loadShopTab(ShopDAO.java:59)
	at nro.jdbc.daos.ShopDAO.getShops(ShopDAO.java:39)
	at nro.server.Manager.loadDatabase(Manager.java:605)
	at nro.server.Manager.<init>(Manager.java:171)
	at nro.server.Manager.gI(Manager.java:158)
	at nro.server.ServerManager.init(ServerManager.java:70)
	at nro.server.ServerManager.gI(ServerManager.java:82)
	at nro.server.ServerManager.main(ServerManager.java:95)
	at java.base/jdk.internal.reflect.NativeMethodAccessorImpl.invoke0(Native Method)
	at java.base/jdk.internal.reflect.NativeMethodAccessorImpl.invoke(NativeMethodAccessorImpl.java:77)
	at java.base/jdk.internal.reflect.DelegatingMethodAccessorImpl.invoke(DelegatingMethodAccessorImpl.java:43)
	at java.base/java.lang.reflect.Method.invoke(Method.java:569)
	at org.codehaus.mojo.exec.AbstractExecJavaBase.executeMainMethod(AbstractExecJavaBase.java:402)
	at org.codehaus.mojo.exec.ExecJavaMojo.executeMainMethod(ExecJavaMojo.java:142)
	at org.codehaus.mojo.exec.AbstractExecJavaBase.doExecClassLoader(AbstractExecJavaBase.java:377)
	at org.codehaus.mojo.exec.AbstractExecJavaBase.lambda$execute$0(AbstractExecJavaBase.java:287)
	at java.base/java.lang.Thread.run(Thread.java:840)
[2026-09-01 00:19:58 ERROR Log:57] nro.jdbc.daos.ShopDAO: class java.lang.Integer cannot be cast to class java.lang.Boolean (java.lang.Integer and java.lang.Boolean are in module java.base of loader 'bootstrap')
java.lang.ClassCastException: class java.lang.Integer cannot be cast to class java.lang.Boolean (java.lang.Integer and java.lang.Boolean are in module java.base of loader 'bootstrap')
	at org.bson.Document.getBoolean(Document.java:331)
	at nro.jdbc.daos.ShopDAO.loadItemShop(ShopDAO.java:81)
	at nro.jdbc.daos.ShopDAO.loadShopTab(ShopDAO.java:59)
	at nro.jdbc.daos.ShopDAO.getShops(ShopDAO.java:39)
	at nro.server.Manager.loadDatabase(Manager.java:605)
	at nro.server.Manager.<init>(Manager.java:171)
	at nro.server.Manager.gI(Manager.java:158)
	at nro.server.ServerManager.init(ServerManager.java:70)
	at nro.server.ServerManager.gI(ServerManager.java:82)
	at nro.server.ServerManager.main(ServerManager.java:95)
	at java.base/jdk.internal.reflect.NativeMethodAccessorImpl.invoke0(Native Method)
	at java.base/jdk.internal.reflect.NativeMethodAccessorImpl.invoke(NativeMethodAccessorImpl.java:77)
	at java.base/jdk.internal.reflect.DelegatingMethodAccessorImpl.invoke(DelegatingMethodAccessorImpl.java:43)
	at java.base/java.lang.reflect.Method.invoke(Method.java:569)
	at org.codehaus.mojo.exec.AbstractExecJavaBase.executeMainMethod(AbstractExecJavaBase.java:402)
	at org.codehaus.mojo.exec.ExecJavaMojo.executeMainMethod(ExecJavaMojo.java:142)
	at org.codehaus.mojo.exec.AbstractExecJavaBase.doExecClassLoader(AbstractExecJavaBase.java:377)
	at org.codehaus.mojo.exec.AbstractExecJavaBase.lambda$execute$0(AbstractExecJavaBase.java:287)
	at java.base/java.lang.Thread.run(Thread.java:840)
[2026-09-01 00:19:58 ERROR Log:57] nro.jdbc.daos.ShopDAO: class java.lang.Integer cannot be cast to class java.lang.Boolean (java.lang.Integer and java.lang.Boolean are in module java.base of loader 'bootstrap')
java.lang.ClassCastException: class java.lang.Integer cannot be cast to class java.lang.Boolean (java.lang.Integer and java.lang.Boolean are in module java.base of loader 'bootstrap')
	at org.bson.Document.getBoolean(Document.java:331)
	at nro.jdbc.daos.ShopDAO.loadItemShop(ShopDAO.java:81)
	at nro.jdbc.daos.ShopDAO.loadShopTab(ShopDAO.java:59)
	at nro.jdbc.daos.ShopDAO.getShops(ShopDAO.java:39)
	at nro.server.Manager.loadDatabase(Manager.java:605)
	at nro.server.Manager.<init>(Manager.java:171)
	at nro.server.Manager.gI(Manager.java:158)
	at nro.server.ServerManager.init(ServerManager.java:70)
	at nro.server.ServerManager.gI(ServerManager.java:82)
	at nro.server.ServerManager.main(ServerManager.java:95)
	at java.base/jdk.internal.reflect.NativeMethodAccessorImpl.invoke0(Native Method)
	at java.base/jdk.internal.reflect.NativeMethodAccessorImpl.invoke(NativeMethodAccessorImpl.java:77)
	at java.base/jdk.internal.reflect.DelegatingMethodAccessorImpl.invoke(DelegatingMethodAccessorImpl.java:43)
	at java.base/java.lang.reflect.Method.invoke(Method.java:569)
	at org.codehaus.mojo.exec.AbstractExecJavaBase.executeMainMethod(AbstractExecJavaBase.java:402)
	at org.codehaus.mojo.exec.ExecJavaMojo.executeMainMethod(ExecJavaMojo.java:142)
	at org.codehaus.mojo.exec.AbstractExecJavaBase.doExecClassLoader(AbstractExecJavaBase.java:377)
	at org.codehaus.mojo.exec.AbstractExecJavaBase.lambda$execute$0(AbstractExecJavaBase.java:287)
	at java.base/java.lang.Thread.run(Thread.java:840)
[2026-09-01 00:19:58 ERROR Log:57] nro.jdbc.daos.ShopDAO: class java.lang.Integer cannot be cast to class java.lang.Boolean (java.lang.Integer and java.lang.Boolean are in module java.base of loader 'bootstrap')
java.lang.ClassCastException: class java.lang.Integer cannot be cast to class java.lang.Boolean (java.lang.Integer and java.lang.Boolean are in module java.base of loader 'bootstrap')
	at org.bson.Document.getBoolean(Document.java:331)
	at nro.jdbc.daos.ShopDAO.loadItemShop(ShopDAO.java:81)
	at nro.jdbc.daos.ShopDAO.loadShopTab(ShopDAO.java:59)
	at nro.jdbc.daos.ShopDAO.getShops(ShopDAO.java:39)
	at nro.server.Manager.loadDatabase(Manager.java:605)
	at nro.server.Manager.<init>(Manager.java:171)
	at nro.server.Manager.gI(Manager.java:158)
	at nro.server.ServerManager.init(ServerManager.java:70)
	at nro.server.ServerManager.gI(ServerManager.java:82)
	at nro.server.ServerManager.main(ServerManager.java:95)
	at java.base/jdk.internal.reflect.NativeMethodAccessorImpl.invoke0(Native Method)
	at java.base/jdk.internal.reflect.NativeMethodAccessorImpl.invoke(NativeMethodAccessorImpl.java:77)
	at java.base/jdk.internal.reflect.DelegatingMethodAccessorImpl.invoke(DelegatingMethodAccessorImpl.java:43)
	at java.base/java.lang.reflect.Method.invoke(Method.java:569)
	at org.codehaus.mojo.exec.AbstractExecJavaBase.executeMainMethod(AbstractExecJavaBase.java:402)
	at org.codehaus.mojo.exec.ExecJavaMojo.executeMainMethod(ExecJavaMojo.java:142)
	at org.codehaus.mojo.exec.AbstractExecJavaBase.doExecClassLoader(AbstractExecJavaBase.java:377)
	at org.codehaus.mojo.exec.AbstractExecJavaBase.lambda$execute$0(AbstractExecJavaBase.java:287)
	at java.base/java.lang.Thread.run(Thread.java:840)
[2026-09-01 00:19:58 ERROR Log:57] nro.jdbc.daos.ShopDAO: class java.lang.Integer cannot be cast to class java.lang.Boolean (java.lang.Integer and java.lang.Boolean are in module java.base of loader 'bootstrap')
java.lang.ClassCastException: class java.lang.Integer cannot be cast to class java.lang.Boolean (java.lang.Integer and java.lang.Boolean are in module java.base of loader 'bootstrap')
	at org.bson.Document.getBoolean(Document.java:331)
	at nro.jdbc.daos.ShopDAO.loadItemShop(ShopDAO.java:81)
	at nro.jdbc.daos.ShopDAO.loadShopTab(ShopDAO.java:59)
	at nro.jdbc.daos.ShopDAO.getShops(ShopDAO.java:39)
	at nro.server.Manager.loadDatabase(Manager.java:605)
	at nro.server.Manager.<init>(Manager.java:171)
	at nro.server.Manager.gI(Manager.java:158)
	at nro.server.ServerManager.init(ServerManager.java:70)
	at nro.server.ServerManager.gI(ServerManager.java:82)
	at nro.server.ServerManager.main(ServerManager.java:95)
	at java.base/jdk.internal.reflect.NativeMethodAccessorImpl.invoke0(Native Method)
	at java.base/jdk.internal.reflect.NativeMethodAccessorImpl.invoke(NativeMethodAccessorImpl.java:77)
	at java.base/jdk.internal.reflect.DelegatingMethodAccessorImpl.invoke(DelegatingMethodAccessorImpl.java:43)
	at java.base/java.lang.reflect.Method.invoke(Method.java:569)
	at org.codehaus.mojo.exec.AbstractExecJavaBase.executeMainMethod(AbstractExecJavaBase.java:402)
	at org.codehaus.mojo.exec.ExecJavaMojo.executeMainMethod(ExecJavaMojo.java:142)
	at org.codehaus.mojo.exec.AbstractExecJavaBase.doExecClassLoader(AbstractExecJavaBase.java:377)
	at org.codehaus.mojo.exec.AbstractExecJavaBase.lambda$execute$0(AbstractExecJavaBase.java:287)
	at java.base/java.lang.Thread.run(Thread.java:840)
[2026-09-01 00:19:58 ERROR Log:57] nro.jdbc.daos.ShopDAO: class java.lang.Integer cannot be cast to class java.lang.Boolean (java.lang.Integer and java.lang.Boolean are in module java.base of loader 'bootstrap')
java.lang.ClassCastException: class java.lang.Integer cannot be cast to class java.lang.Boolean (java.lang.Integer and java.lang.Boolean are in module java.base of loader 'bootstrap')
	at org.bson.Document.getBoolean(Document.java:331)
	at nro.jdbc.daos.ShopDAO.loadItemShop(ShopDAO.java:81)
	at nro.jdbc.daos.ShopDAO.loadShopTab(ShopDAO.java:59)
	at nro.jdbc.daos.ShopDAO.getShops(ShopDAO.java:39)
	at nro.server.Manager.loadDatabase(Manager.java:605)
	at nro.server.Manager.<init>(Manager.java:171)
	at nro.server.Manager.gI(Manager.java:158)
	at nro.server.ServerManager.init(ServerManager.java:70)
	at nro.server.ServerManager.gI(ServerManager.java:82)
	at nro.server.ServerManager.main(ServerManager.java:95)
	at java.base/jdk.internal.reflect.NativeMethodAccessorImpl.invoke0(Native Method)
	at java.base/jdk.internal.reflect.NativeMethodAccessorImpl.invoke(NativeMethodAccessorImpl.java:77)
	at java.base/jdk.internal.reflect.DelegatingMethodAccessorImpl.invoke(DelegatingMethodAccessorImpl.java:43)
	at java.base/java.lang.reflect.Method.invoke(Method.java:569)
	at org.codehaus.mojo.exec.AbstractExecJavaBase.executeMainMethod(AbstractExecJavaBase.java:402)
	at org.codehaus.mojo.exec.ExecJavaMojo.executeMainMethod(ExecJavaMojo.java:142)
	at org.codehaus.mojo.exec.AbstractExecJavaBase.doExecClassLoader(AbstractExecJavaBase.java:377)
	at org.codehaus.mojo.exec.AbstractExecJavaBase.lambda$execute$0(AbstractExecJavaBase.java:287)
	at java.base/java.lang.Thread.run(Thread.java:840)
[2026-09-01 00:19:58 ERROR Log:57] nro.jdbc.daos.ShopDAO: class java.lang.Integer cannot be cast to class java.lang.Boolean (java.lang.Integer and java.lang.Boolean are in module java.base of loader 'bootstrap')
java.lang.ClassCastException: class java.lang.Integer cannot be cast to class java.lang.Boolean (java.lang.Integer and java.lang.Boolean are in module java.base of loader 'bootstrap')
	at org.bson.Document.getBoolean(Document.java:331)
	at nro.jdbc.daos.ShopDAO.loadItemShop(ShopDAO.java:81)
	at nro.jdbc.daos.ShopDAO.loadShopTab(ShopDAO.java:59)
	at nro.jdbc.daos.ShopDAO.getShops(ShopDAO.java:39)
	at nro.server.Manager.loadDatabase(Manager.java:605)
	at nro.server.Manager.<init>(Manager.java:171)
	at nro.server.Manager.gI(Manager.java:158)
	at nro.server.ServerManager.init(ServerManager.java:70)
	at nro.server.ServerManager.gI(ServerManager.java:82)
	at nro.server.ServerManager.main(ServerManager.java:95)
	at java.base/jdk.internal.reflect.NativeMethodAccessorImpl.invoke0(Native Method)
	at java.base/jdk.internal.reflect.NativeMethodAccessorImpl.invoke(NativeMethodAccessorImpl.java:77)
	at java.base/jdk.internal.reflect.DelegatingMethodAccessorImpl.invoke(DelegatingMethodAccessorImpl.java:43)
	at java.base/java.lang.reflect.Method.invoke(Method.java:569)
	at org.codehaus.mojo.exec.AbstractExecJavaBase.executeMainMethod(AbstractExecJavaBase.java:402)
	at org.codehaus.mojo.exec.ExecJavaMojo.executeMainMethod(ExecJavaMojo.java:142)
	at org.codehaus.mojo.exec.AbstractExecJavaBase.doExecClassLoader(AbstractExecJavaBase.java:377)
	at org.codehaus.mojo.exec.AbstractExecJavaBase.lambda$execute$0(AbstractExecJavaBase.java:287)
	at java.base/java.lang.Thread.run(Thread.java:840)
[2026-09-01 00:19:58 ERROR Log:57] nro.jdbc.daos.ShopDAO: class java.lang.Integer cannot be cast to class java.lang.Boolean (java.lang.Integer and java.lang.Boolean are in module java.base of loader 'bootstrap')
java.lang.ClassCastException: class java.lang.Integer cannot be cast to class java.lang.Boolean (java.lang.Integer and java.lang.Boolean are in module java.base of loader 'bootstrap')
	at org.bson.Document.getBoolean(Document.java:331)
	at nro.jdbc.daos.ShopDAO.loadItemShop(ShopDAO.java:81)
	at nro.jdbc.daos.ShopDAO.loadShopTab(ShopDAO.java:59)
	at nro.jdbc.daos.ShopDAO.getShops(ShopDAO.java:39)
	at nro.server.Manager.loadDatabase(Manager.java:605)
	at nro.server.Manager.<init>(Manager.java:171)
	at nro.server.Manager.gI(Manager.java:158)
	at nro.server.ServerManager.init(ServerManager.java:70)
	at nro.server.ServerManager.gI(ServerManager.java:82)
	at nro.server.ServerManager.main(ServerManager.java:95)
	at java.base/jdk.internal.reflect.NativeMethodAccessorImpl.invoke0(Native Method)
	at java.base/jdk.internal.reflect.NativeMethodAccessorImpl.invoke(NativeMethodAccessorImpl.java:77)
	at java.base/jdk.internal.reflect.DelegatingMethodAccessorImpl.invoke(DelegatingMethodAccessorImpl.java:43)
	at java.base/java.lang.reflect.Method.invoke(Method.java:569)
	at org.codehaus.mojo.exec.AbstractExecJavaBase.executeMainMethod(AbstractExecJavaBase.java:402)
	at org.codehaus.mojo.exec.ExecJavaMojo.executeMainMethod(ExecJavaMojo.java:142)
	at org.codehaus.mojo.exec.AbstractExecJavaBase.doExecClassLoader(AbstractExecJavaBase.java:377)
	at org.codehaus.mojo.exec.AbstractExecJavaBase.lambda$execute$0(AbstractExecJavaBase.java:287)
	at java.base/java.lang.Thread.run(Thread.java:840)
[2026-09-01 00:19:58 ERROR Log:57] nro.jdbc.daos.ShopDAO: class java.lang.Integer cannot be cast to class java.lang.Boolean (java.lang.Integer and java.lang.Boolean are in module java.base of loader 'bootstrap')
java.lang.ClassCastException: class java.lang.Integer cannot be cast to class java.lang.Boolean (java.lang.Integer and java.lang.Boolean are in module java.base of loader 'bootstrap')
	at org.bson.Document.getBoolean(Document.java:331)
	at nro.jdbc.daos.ShopDAO.loadItemShop(ShopDAO.java:81)
	at nro.jdbc.daos.ShopDAO.loadShopTab(ShopDAO.java:59)
	at nro.jdbc.daos.ShopDAO.getShops(ShopDAO.java:39)
	at nro.server.Manager.loadDatabase(Manager.java:605)
	at nro.server.Manager.<init>(Manager.java:171)
	at nro.server.Manager.gI(Manager.java:158)
	at nro.server.ServerManager.init(ServerManager.java:70)
	at nro.server.ServerManager.gI(ServerManager.java:82)
	at nro.server.ServerManager.main(ServerManager.java:95)
	at java.base/jdk.internal.reflect.NativeMethodAccessorImpl.invoke0(Native Method)
	at java.base/jdk.internal.reflect.NativeMethodAccessorImpl.invoke(NativeMethodAccessorImpl.java:77)
	at java.base/jdk.internal.reflect.DelegatingMethodAccessorImpl.invoke(DelegatingMethodAccessorImpl.java:43)
	at java.base/java.lang.reflect.Method.invoke(Method.java:569)
	at org.codehaus.mojo.exec.AbstractExecJavaBase.executeMainMethod(AbstractExecJavaBase.java:402)
	at org.codehaus.mojo.exec.ExecJavaMojo.executeMainMethod(ExecJavaMojo.java:142)
	at org.codehaus.mojo.exec.AbstractExecJavaBase.doExecClassLoader(AbstractExecJavaBase.java:377)
	at org.codehaus.mojo.exec.AbstractExecJavaBase.lambda$execute$0(AbstractExecJavaBase.java:287)
	at java.base/java.lang.Thread.run(Thread.java:840)
[2026-09-01 00:19:58 ERROR Log:57] nro.jdbc.daos.ShopDAO: class java.lang.Integer cannot be cast to class java.lang.Boolean (java.lang.Integer and java.lang.Boolean are in module java.base of loader 'bootstrap')
java.lang.ClassCastException: class java.lang.Integer cannot be cast to class java.lang.Boolean (java.lang.Integer and java.lang.Boolean are in module java.base of loader 'bootstrap')
	at org.bson.Document.getBoolean(Document.java:331)
	at nro.jdbc.daos.ShopDAO.loadItemShop(ShopDAO.java:81)
	at nro.jdbc.daos.ShopDAO.loadShopTab(ShopDAO.java:59)
	at nro.jdbc.daos.ShopDAO.getShops(ShopDAO.java:39)
	at nro.server.Manager.loadDatabase(Manager.java:605)
	at nro.server.Manager.<init>(Manager.java:171)
	at nro.server.Manager.gI(Manager.java:158)
	at nro.server.ServerManager.init(ServerManager.java:70)
	at nro.server.ServerManager.gI(ServerManager.java:82)
	at nro.server.ServerManager.main(ServerManager.java:95)
	at java.base/jdk.internal.reflect.NativeMethodAccessorImpl.invoke0(Native Method)
	at java.base/jdk.internal.reflect.NativeMethodAccessorImpl.invoke(NativeMethodAccessorImpl.java:77)
	at java.base/jdk.internal.reflect.DelegatingMethodAccessorImpl.invoke(DelegatingMethodAccessorImpl.java:43)
	at java.base/java.lang.reflect.Method.invoke(Method.java:569)
	at org.codehaus.mojo.exec.AbstractExecJavaBase.executeMainMethod(AbstractExecJavaBase.java:402)
	at org.codehaus.mojo.exec.ExecJavaMojo.executeMainMethod(ExecJavaMojo.java:142)
	at org.codehaus.mojo.exec.AbstractExecJavaBase.doExecClassLoader(AbstractExecJavaBase.java:377)
	at org.codehaus.mojo.exec.AbstractExecJavaBase.lambda$execute$0(AbstractExecJavaBase.java:287)
	at java.base/java.lang.Thread.run(Thread.java:840)
[2026-09-01 00:19:58 ERROR Log:57] nro.jdbc.daos.ShopDAO: class java.lang.Integer cannot be cast to class java.lang.Boolean (java.lang.Integer and java.lang.Boolean are in module java.base of loader 'bootstrap')
java.lang.ClassCastException: class java.lang.Integer cannot be cast to class java.lang.Boolean (java.lang.Integer and java.lang.Boolean are in module java.base of loader 'bootstrap')
	at org.bson.Document.getBoolean(Document.java:331)
	at nro.jdbc.daos.ShopDAO.loadItemShop(ShopDAO.java:81)
	at nro.jdbc.daos.ShopDAO.loadShopTab(ShopDAO.java:59)
	at nro.jdbc.daos.ShopDAO.getShops(ShopDAO.java:39)
	at nro.server.Manager.loadDatabase(Manager.java:605)
	at nro.server.Manager.<init>(Manager.java:171)
	at nro.server.Manager.gI(Manager.java:158)
	at nro.server.ServerManager.init(ServerManager.java:70)
	at nro.server.ServerManager.gI(ServerManager.java:82)
	at nro.server.ServerManager.main(ServerManager.java:95)
	at java.base/jdk.internal.reflect.NativeMethodAccessorImpl.invoke0(Native Method)
	at java.base/jdk.internal.reflect.NativeMethodAccessorImpl.invoke(NativeMethodAccessorImpl.java:77)
	at java.base/jdk.internal.reflect.DelegatingMethodAccessorImpl.invoke(DelegatingMethodAccessorImpl.java:43)
	at java.base/java.lang.reflect.Method.invoke(Method.java:569)
	at org.codehaus.mojo.exec.AbstractExecJavaBase.executeMainMethod(AbstractExecJavaBase.java:402)
	at org.codehaus.mojo.exec.ExecJavaMojo.executeMainMethod(ExecJavaMojo.java:142)
	at org.codehaus.mojo.exec.AbstractExecJavaBase.doExecClassLoader(AbstractExecJavaBase.java:377)
	at org.codehaus.mojo.exec.AbstractExecJavaBase.lambda$execute$0(AbstractExecJavaBase.java:287)
	at java.base/java.lang.Thread.run(Thread.java:840)
[2026-09-01 00:19:58 ERROR Log:57] nro.jdbc.daos.ShopDAO: class java.lang.Integer cannot be cast to class java.lang.Boolean (java.lang.Integer and java.lang.Boolean are in module java.base of loader 'bootstrap')
java.lang.ClassCastException: class java.lang.Integer cannot be cast to class java.lang.Boolean (java.lang.Integer and java.lang.Boolean are in module java.base of loader 'bootstrap')
	at org.bson.Document.getBoolean(Document.java:331)
	at nro.jdbc.daos.ShopDAO.loadItemShop(ShopDAO.java:81)
	at nro.jdbc.daos.ShopDAO.loadShopTab(ShopDAO.java:59)
	at nro.jdbc.daos.ShopDAO.getShops(ShopDAO.java:39)
	at nro.server.Manager.loadDatabase(Manager.java:605)
	at nro.server.Manager.<init>(Manager.java:171)
	at nro.server.Manager.gI(Manager.java:158)
	at nro.server.ServerManager.init(ServerManager.java:70)
	at nro.server.ServerManager.gI(ServerManager.java:82)
	at nro.server.ServerManager.main(ServerManager.java:95)
	at java.base/jdk.internal.reflect.NativeMethodAccessorImpl.invoke0(Native Method)
	at java.base/jdk.internal.reflect.NativeMethodAccessorImpl.invoke(NativeMethodAccessorImpl.java:77)
	at java.base/jdk.internal.reflect.DelegatingMethodAccessorImpl.invoke(DelegatingMethodAccessorImpl.java:43)
	at java.base/java.lang.reflect.Method.invoke(Method.java:569)
	at org.codehaus.mojo.exec.AbstractExecJavaBase.executeMainMethod(AbstractExecJavaBase.java:402)
	at org.codehaus.mojo.exec.ExecJavaMojo.executeMainMethod(ExecJavaMojo.java:142)
	at org.codehaus.mojo.exec.AbstractExecJavaBase.doExecClassLoader(AbstractExecJavaBase.java:377)
	at org.codehaus.mojo.exec.AbstractExecJavaBase.lambda$execute$0(AbstractExecJavaBase.java:287)
	at java.base/java.lang.Thread.run(Thread.java:840)
[2026-09-01 00:19:58 ERROR Log:57] nro.jdbc.daos.ShopDAO: class java.lang.Integer cannot be cast to class java.lang.Boolean (java.lang.Integer and java.lang.Boolean are in module java.base of loader 'bootstrap')
java.lang.ClassCastException: class java.lang.Integer cannot be cast to class java.lang.Boolean (java.lang.Integer and java.lang.Boolean are in module java.base of loader 'bootstrap')
	at org.bson.Document.getBoolean(Document.java:331)
	at nro.jdbc.daos.ShopDAO.loadItemShop(ShopDAO.java:81)
	at nro.jdbc.daos.ShopDAO.loadShopTab(ShopDAO.java:59)
	at nro.jdbc.daos.ShopDAO.getShops(ShopDAO.java:39)
	at nro.server.Manager.loadDatabase(Manager.java:605)
	at nro.server.Manager.<init>(Manager.java:171)
	at nro.server.Manager.gI(Manager.java:158)
	at nro.server.ServerManager.init(ServerManager.java:70)
	at nro.server.ServerManager.gI(ServerManager.java:82)
	at nro.server.ServerManager.main(ServerManager.java:95)
	at java.base/jdk.internal.reflect.NativeMethodAccessorImpl.invoke0(Native Method)
	at java.base/jdk.internal.reflect.NativeMethodAccessorImpl.invoke(NativeMethodAccessorImpl.java:77)
	at java.base/jdk.internal.reflect.DelegatingMethodAccessorImpl.invoke(DelegatingMethodAccessorImpl.java:43)
	at java.base/java.lang.reflect.Method.invoke(Method.java:569)
	at org.codehaus.mojo.exec.AbstractExecJavaBase.executeMainMethod(AbstractExecJavaBase.java:402)
	at org.codehaus.mojo.exec.ExecJavaMojo.executeMainMethod(ExecJavaMojo.java:142)
	at org.codehaus.mojo.exec.AbstractExecJavaBase.doExecClassLoader(AbstractExecJavaBase.java:377)
	at org.codehaus.mojo.exec.AbstractExecJavaBase.lambda$execute$0(AbstractExecJavaBase.java:287)
	at java.base/java.lang.Thread.run(Thread.java:840)
[2026-09-01 00:19:58 ERROR Log:57] nro.jdbc.daos.ShopDAO: class java.lang.Integer cannot be cast to class java.lang.Boolean (java.lang.Integer and java.lang.Boolean are in module java.base of loader 'bootstrap')
java.lang.ClassCastException: class java.lang.Integer cannot be cast to class java.lang.Boolean (java.lang.Integer and java.lang.Boolean are in module java.base of loader 'bootstrap')
	at org.bson.Document.getBoolean(Document.java:331)
	at nro.jdbc.daos.ShopDAO.loadItemShop(ShopDAO.java:81)
	at nro.jdbc.daos.ShopDAO.loadShopTab(ShopDAO.java:59)
	at nro.jdbc.daos.ShopDAO.getShops(ShopDAO.java:39)
	at nro.server.Manager.loadDatabase(Manager.java:605)
	at nro.server.Manager.<init>(Manager.java:171)
	at nro.server.Manager.gI(Manager.java:158)
	at nro.server.ServerManager.init(ServerManager.java:70)
	at nro.server.ServerManager.gI(ServerManager.java:82)
	at nro.server.ServerManager.main(ServerManager.java:95)
	at java.base/jdk.internal.reflect.NativeMethodAccessorImpl.invoke0(Native Method)
	at java.base/jdk.internal.reflect.NativeMethodAccessorImpl.invoke(NativeMethodAccessorImpl.java:77)
	at java.base/jdk.internal.reflect.DelegatingMethodAccessorImpl.invoke(DelegatingMethodAccessorImpl.java:43)
	at java.base/java.lang.reflect.Method.invoke(Method.java:569)
	at org.codehaus.mojo.exec.AbstractExecJavaBase.executeMainMethod(AbstractExecJavaBase.java:402)
	at org.codehaus.mojo.exec.ExecJavaMojo.executeMainMethod(ExecJavaMojo.java:142)
	at org.codehaus.mojo.exec.AbstractExecJavaBase.doExecClassLoader(AbstractExecJavaBase.java:377)
	at org.codehaus.mojo.exec.AbstractExecJavaBase.lambda$execute$0(AbstractExecJavaBase.java:287)
	at java.base/java.lang.Thread.run(Thread.java:840)
[2026-09-01 00:19:58 ERROR Log:57] nro.jdbc.daos.ShopDAO: class java.lang.Integer cannot be cast to class java.lang.Boolean (java.lang.Integer and java.lang.Boolean are in module java.base of loader 'bootstrap')
java.lang.ClassCastException: class java.lang.Integer cannot be cast to class java.lang.Boolean (java.lang.Integer and java.lang.Boolean are in module java.base of loader 'bootstrap')
	at org.bson.Document.getBoolean(Document.java:331)
	at nro.jdbc.daos.ShopDAO.loadItemShop(ShopDAO.java:81)
	at nro.jdbc.daos.ShopDAO.loadShopTab(ShopDAO.java:59)
	at nro.jdbc.daos.ShopDAO.getShops(ShopDAO.java:39)
	at nro.server.Manager.loadDatabase(Manager.java:605)
	at nro.server.Manager.<init>(Manager.java:171)
	at nro.server.Manager.gI(Manager.java:158)
	at nro.server.ServerManager.init(ServerManager.java:70)
	at nro.server.ServerManager.gI(ServerManager.java:82)
	at nro.server.ServerManager.main(ServerManager.java:95)
	at java.base/jdk.internal.reflect.NativeMethodAccessorImpl.invoke0(Native Method)
	at java.base/jdk.internal.reflect.NativeMethodAccessorImpl.invoke(NativeMethodAccessorImpl.java:77)
	at java.base/jdk.internal.reflect.DelegatingMethodAccessorImpl.invoke(DelegatingMethodAccessorImpl.java:43)
	at java.base/java.lang.reflect.Method.invoke(Method.java:569)
	at org.codehaus.mojo.exec.AbstractExecJavaBase.executeMainMethod(AbstractExecJavaBase.java:402)
	at org.codehaus.mojo.exec.ExecJavaMojo.executeMainMethod(ExecJavaMojo.java:142)
	at org.codehaus.mojo.exec.AbstractExecJavaBase.doExecClassLoader(AbstractExecJavaBase.java:377)
	at org.codehaus.mojo.exec.AbstractExecJavaBase.lambda$execute$0(AbstractExecJavaBase.java:287)
	at java.base/java.lang.Thread.run(Thread.java:840)
[2026-09-01 00:19:58 ERROR Log:57] nro.jdbc.daos.ShopDAO: class java.lang.Integer cannot be cast to class java.lang.Boolean (java.lang.Integer and java.lang.Boolean are in module java.base of loader 'bootstrap')
java.lang.ClassCastException: class java.lang.Integer cannot be cast to class java.lang.Boolean (java.lang.Integer and java.lang.Boolean are in module java.base of loader 'bootstrap')
	at org.bson.Document.getBoolean(Document.java:331)
	at nro.jdbc.daos.ShopDAO.loadItemShop(ShopDAO.java:81)
	at nro.jdbc.daos.ShopDAO.loadShopTab(ShopDAO.java:59)
	at nro.jdbc.daos.ShopDAO.getShops(ShopDAO.java:39)
	at nro.server.Manager.loadDatabase(Manager.java:605)
	at nro.server.Manager.<init>(Manager.java:171)
	at nro.server.Manager.gI(Manager.java:158)
	at nro.server.ServerManager.init(ServerManager.java:70)
	at nro.server.ServerManager.gI(ServerManager.java:82)
	at nro.server.ServerManager.main(ServerManager.java:95)
	at java.base/jdk.internal.reflect.NativeMethodAccessorImpl.invoke0(Native Method)
	at java.base/jdk.internal.reflect.NativeMethodAccessorImpl.invoke(NativeMethodAccessorImpl.java:77)
	at java.base/jdk.internal.reflect.DelegatingMethodAccessorImpl.invoke(DelegatingMethodAccessorImpl.java:43)
	at java.base/java.lang.reflect.Method.invoke(Method.java:569)
	at org.codehaus.mojo.exec.AbstractExecJavaBase.executeMainMethod(AbstractExecJavaBase.java:402)
	at org.codehaus.mojo.exec.ExecJavaMojo.executeMainMethod(ExecJavaMojo.java:142)
	at org.codehaus.mojo.exec.AbstractExecJavaBase.doExecClassLoader(AbstractExecJavaBase.java:377)
	at org.codehaus.mojo.exec.AbstractExecJavaBase.lambda$execute$0(AbstractExecJavaBase.java:287)
	at java.base/java.lang.Thread.run(Thread.java:840)
[2026-09-01 00:19:58 ERROR Log:57] nro.jdbc.daos.ShopDAO: class java.lang.Integer cannot be cast to class java.lang.Boolean (java.lang.Integer and java.lang.Boolean are in module java.base of loader 'bootstrap')
java.lang.ClassCastException: class java.lang.Integer cannot be cast to class java.lang.Boolean (java.lang.Integer and java.lang.Boolean are in module java.base of loader 'bootstrap')
	at org.bson.Document.getBoolean(Document.java:331)
	at nro.jdbc.daos.ShopDAO.loadItemShop(ShopDAO.java:81)
	at nro.jdbc.daos.ShopDAO.loadShopTab(ShopDAO.java:59)
	at nro.jdbc.daos.ShopDAO.getShops(ShopDAO.java:39)
	at nro.server.Manager.loadDatabase(Manager.java:605)
	at nro.server.Manager.<init>(Manager.java:171)
	at nro.server.Manager.gI(Manager.java:158)
	at nro.server.ServerManager.init(ServerManager.java:70)
	at nro.server.ServerManager.gI(ServerManager.java:82)
	at nro.server.ServerManager.main(ServerManager.java:95)
	at java.base/jdk.internal.reflect.NativeMethodAccessorImpl.invoke0(Native Method)
	at java.base/jdk.internal.reflect.NativeMethodAccessorImpl.invoke(NativeMethodAccessorImpl.java:77)
	at java.base/jdk.internal.reflect.DelegatingMethodAccessorImpl.invoke(DelegatingMethodAccessorImpl.java:43)
	at java.base/java.lang.reflect.Method.invoke(Method.java:569)
	at org.codehaus.mojo.exec.AbstractExecJavaBase.executeMainMethod(AbstractExecJavaBase.java:402)
	at org.codehaus.mojo.exec.ExecJavaMojo.executeMainMethod(ExecJavaMojo.java:142)
	at org.codehaus.mojo.exec.AbstractExecJavaBase.doExecClassLoader(AbstractExecJavaBase.java:377)
	at org.codehaus.mojo.exec.AbstractExecJavaBase.lambda$execute$0(AbstractExecJavaBase.java:287)
	at java.base/java.lang.Thread.run(Thread.java:840)
[2026-09-01 00:19:58 ERROR Log:57] nro.jdbc.daos.ShopDAO: class java.lang.Integer cannot be cast to class java.lang.Boolean (java.lang.Integer and java.lang.Boolean are in module java.base of loader 'bootstrap')
java.lang.ClassCastException: class java.lang.Integer cannot be cast to class java.lang.Boolean (java.lang.Integer and java.lang.Boolean are in module java.base of loader 'bootstrap')
	at org.bson.Document.getBoolean(Document.java:331)
	at nro.jdbc.daos.ShopDAO.loadItemShop(ShopDAO.java:81)
	at nro.jdbc.daos.ShopDAO.loadShopTab(ShopDAO.java:59)
	at nro.jdbc.daos.ShopDAO.getShops(ShopDAO.java:39)
	at nro.server.Manager.loadDatabase(Manager.java:605)
	at nro.server.Manager.<init>(Manager.java:171)
	at nro.server.Manager.gI(Manager.java:158)
	at nro.server.ServerManager.init(ServerManager.java:70)
	at nro.server.ServerManager.gI(ServerManager.java:82)
	at nro.server.ServerManager.main(ServerManager.java:95)
	at java.base/jdk.internal.reflect.NativeMethodAccessorImpl.invoke0(Native Method)
	at java.base/jdk.internal.reflect.NativeMethodAccessorImpl.invoke(NativeMethodAccessorImpl.java:77)
	at java.base/jdk.internal.reflect.DelegatingMethodAccessorImpl.invoke(DelegatingMethodAccessorImpl.java:43)
	at java.base/java.lang.reflect.Method.invoke(Method.java:569)
	at org.codehaus.mojo.exec.AbstractExecJavaBase.executeMainMethod(AbstractExecJavaBase.java:402)
	at org.codehaus.mojo.exec.ExecJavaMojo.executeMainMethod(ExecJavaMojo.java:142)
	at org.codehaus.mojo.exec.AbstractExecJavaBase.doExecClassLoader(AbstractExecJavaBase.java:377)
	at org.codehaus.mojo.exec.AbstractExecJavaBase.lambda$execute$0(AbstractExecJavaBase.java:287)
	at java.base/java.lang.Thread.run(Thread.java:840)
[2026-09-01 00:19:58 ERROR Log:57] nro.jdbc.daos.ShopDAO: class java.lang.Integer cannot be cast to class java.lang.Boolean (java.lang.Integer and java.lang.Boolean are in module java.base of loader 'bootstrap')
java.lang.ClassCastException: class java.lang.Integer cannot be cast to class java.lang.Boolean (java.lang.Integer and java.lang.Boolean are in module java.base of loader 'bootstrap')
	at org.bson.Document.getBoolean(Document.java:331)
	at nro.jdbc.daos.ShopDAO.loadItemShop(ShopDAO.java:81)
	at nro.jdbc.daos.ShopDAO.loadShopTab(ShopDAO.java:59)
	at nro.jdbc.daos.ShopDAO.getShops(ShopDAO.java:39)
	at nro.server.Manager.loadDatabase(Manager.java:605)
	at nro.server.Manager.<init>(Manager.java:171)
	at nro.server.Manager.gI(Manager.java:158)
	at nro.server.ServerManager.init(ServerManager.java:70)
	at nro.server.ServerManager.gI(ServerManager.java:82)
	at nro.server.ServerManager.main(ServerManager.java:95)
	at java.base/jdk.internal.reflect.NativeMethodAccessorImpl.invoke0(Native Method)
	at java.base/jdk.internal.reflect.NativeMethodAccessorImpl.invoke(NativeMethodAccessorImpl.java:77)
	at java.base/jdk.internal.reflect.DelegatingMethodAccessorImpl.invoke(DelegatingMethodAccessorImpl.java:43)
	at java.base/java.lang.reflect.Method.invoke(Method.java:569)
	at org.codehaus.mojo.exec.AbstractExecJavaBase.executeMainMethod(AbstractExecJavaBase.java:402)
	at org.codehaus.mojo.exec.ExecJavaMojo.executeMainMethod(ExecJavaMojo.java:142)
	at org.codehaus.mojo.exec.AbstractExecJavaBase.doExecClassLoader(AbstractExecJavaBase.java:377)
	at org.codehaus.mojo.exec.AbstractExecJavaBase.lambda$execute$0(AbstractExecJavaBase.java:287)
	at java.base/java.lang.Thread.run(Thread.java:840)
[2026-09-01 00:19:58 DEBUG Log:31] Load shop thành công (22)
[2026-09-01 00:19:58 DEBUG Log:31] Load reward lucky round thành công! 79.25999999999999
[2026-09-01 00:19:58 DEBUG Log:31] Load reward lucky round thành công (82)
[2026-09-01 00:19:58 DEBUG Log:31] Load mob template thành công (84)
[2026-09-01 00:19:58 DEBUG Log:31] Load npc template thành công (80)
[2026-09-01 00:19:59 DEBUG Log:31] Init map thành công!
[2026-09-01 00:19:59 DEBUG Log:31] Thông báo t?i d? li?u images by name thành công (1)
[2026-09-01 00:19:59 DEBUG Log:31] Load clan thành công (0), clan next id: 0
[2026-09-01 00:19:59 DEBUG Log:22] T?ng th?i gian load database: 2919(ms)
[2026-09-01 00:19:59 DEBUG Log:22] Thread: 181
[2026-09-01 00:19:59 ERROR Log:57] nro.manager.TopManager: class java.lang.String cannot be cast to class java.lang.Long (java.lang.String and java.lang.Long are in module java.base of loader 'bootstrap')
java.lang.ClassCastException: class java.lang.String cannot be cast to class java.lang.Long (java.lang.String and java.lang.Long are in module java.base of loader 'bootstrap')
	at org.bson.Document.getLong(Document.java:286)
	at nro.manager.TopManager.loadTopNangDong(TopManager.java:256)
	at nro.server.ServerManager.lambda$autoTask$8(ServerManager.java:343)
	at java.base/java.util.concurrent.Executors$RunnableAdapter.call(Executors.java:539)
	at java.base/java.util.concurrent.FutureTask.runAndReset(FutureTask.java:305)
	at java.base/java.util.concurrent.ScheduledThreadPoolExecutor$ScheduledFutureTask.run(ScheduledThreadPoolExecutor.java:305)
	at java.base/java.util.concurrent.ThreadPoolExecutor.runWorker(ThreadPoolExecutor.java:1136)
	at java.base/java.util.concurrent.ThreadPoolExecutor$Worker.run(ThreadPoolExecutor.java:635)
	at java.base/java.lang.Thread.run(Thread.java:840)
